Phantom,Source Organ ID,Source Organ Name,Source Type,Source Energy (MeV),Number of Particles,Target Organ IDs,Target Region Name,Target Region Mass (g),Dose (Gy/source),SAF (kg^-1),Relative Error,Statistical Uncertainty (%),Calculation Method
Adult Female,6100,Brain,electron,10.0,1000,1400_2500_2700_2900_4000_4200_4400_4600_4800_5000_5200_5400_5600,Red (active) marrow,899.1,2.3506824099794012e-14,0.0146718055930626,0.0590587196820335,5.905871968203356,Direct dose calculation
Adult Female,6100,Brain,electron,10.0,1000,7600_7601_7602_7800_7801_7802_8000_8001_8002_8200_8201_8202_8400_8401_8402_8600,Colon wall,450.2518559416332,0.0,0.0,0.0,0.0,
Adult Female,6100,Brain,electron,10.0,1000,9700_9900,RLung + LLung,949.7733446006616,3.255127087522357e-16,0.0002031690525529,0.806613231146981,80.6613231146981,
Adult Female,6100,Brain,electron,10.0,1000,7200_7201_7202_7203,Stomach wall,172.87288770036602,2.4564924803224646e-17,1.5332220107278102e-05,0.7191374276674108,71.91374276674108,
Adult Female,6100,Brain,electron,10.0,1000,6200_6300_6400_6500,Breast-a + Breast-g,512.3095308708365,4.512192459334695e-17,2.816289018065268e-05,0.9994998749,99.94998749,
Adult Female,6100,Brain,electron,10.0,1000,11100_11200,ROvary + LOvary,12.6365476832867,0.0,0.0,0.0,0.0,
Adult Female,6100,Brain,electron,10.0,1000,13700_13701,Urinary bladder wall,40.80452677620801,0.0,0.0,0.0,0.0,
Adult Female,6100,Brain,electron,10.0,1000,11000_11001_11002,Oesophagus wall,43.218221843014405,1.0064450746660909e-15,0.0006281736066474,0.9994998749,99.94998749,
Adult Female,6100,Brain,electron,10.0,1000,9500,Liver,1810.000002004968,6.679691209e-18,4.169135329557188e-06,0.7598226557,75.98226557,
Adult Female,6100,Brain,electron,10.0,1000,13200,Thyroid,19.4553068342601,2.882819198e-15,0.0017993142184346,0.9994998749,99.94998749,
Adult Female,6100,Brain,electron,10.0,1000,1400_1500_1700_1800_2000_2100_2300_2500_2700_2900_3000_3200_3300_3500_3600_3800_4000_4200_4400_4600_4800_5000_5200_5400_5600,50-um endosteal region,407.50999999999993,4.636433209804179e-14,0.0289383399521258,0.0553851654373628,5.538516543736283,Direct dose calculation
Adult Female,6100,Brain,electron,10.0,1000,6100,Brain,1349.568113424676,8.47433366e-13,0.5289263043890158,0.01456232353,1.4562323530000003,
Adult Female,6100,Brain,electron,10.0,1000,12000_12100,Salivary glands,71.7597616442942,2.9012481231158835e-16,0.0001810816648768,0.6980026678240935,69.80026678240935,
Adult Female,6100,Brain,electron,10.0,1000,12200_12201_12300_12301_12400_12401_12500_12501,Skin,2422.0288890218944,4.164895265869735e-15,0.0025995231596106,0.0845503081469248,8.45503081469248,
Adult Female,6100,Brain,electron,10.0,1000,100_200,RAdrenal + LAdrenal,15.465087135504,0.0,0.0,0.0,0.0,
Adult Female,6100,Brain,electron,10.0,1000,300_301_302_303_401_402_403_404_405,ET region,19.0777948977352,1.42478374867674e-14,0.0088928006965106,0.6012763404577008,60.12763404577009,
Adult Female,6100,Brain,electron,10.0,1000,7000,Gallbladder wall,8.2011184280042,0.0,0.0,0.0,0.0,
Adult Female,6100,Brain,electron,10.0,1000,8700,Heart wall,290.88996946725456,0.0,0.0,0.0,0.0,
Adult Female,6100,Brain,electron,10.0,1000,8900_9000_9100_9200_9300_9400,RKidney + LKidney,356.9049464935012,0.0,0.0,0.0,0.0,
Adult Female,6100,Brain,electron,10.0,1000,10200_10300_10400_10500,Systemic lymph nodes,125.5694786065128,0.0,0.0,0.0,0.0,
Adult Female,6100,Brain,electron,10.0,1000,10600_10700_10800_10900,Muscle,17926.43830028058,1.2315739453130562e-15,0.0007686879955541,0.1397753209739054,13.977532097390544,
Adult Female,6100,Brain,electron,10.0,1000,500_501_600,Oral mucosa,0.101086645065,2.2985714247147e-15,0.0014346554405653,0.9994998749,99.94998749,
Adult Female,6100,Brain,electron,10.0,1000,11300,Pancreas,144.55161999975547,0.0,0.0,0.0,0.0,
Adult Female,6100,Brain,electron,10.0,1000,7400_7401_7402_7403,Small intestine wall,755.7556190799887,0.0,0.0,0.0,0.0,
Adult Female,6100,Brain,electron,10.0,1000,12700,Spleen,187.399994554262,0.0,0.0,0.0,0.0,
Adult Female,6100,Brain,electron,10.0,1000,13100,Thymus,20.5027913149354,0.0,0.0,0.0,0.0,
Adult Female,6100,Brain,electron,10.0,1000,13900,Uterus/cervix,81.99316851612399,0.0,0.0,0.0,0.0,
Adult Female,6100,Brain,electron,10.0,1000,500_13300_13301,Tongue,61.4766985224,4.8909133790351575e-15,0.0030526680237651,0.9597537609998984,95.97537609998984,
Adult Female,6100,Brain,electron,10.0,1000,13400,Tonsils,3.0754149242855,0.0,0.0,0.0,0.0,
Adult Female,6100,Brain,electron,10.0,1000,7600_7601_7602_7800_7801_7802,Right colon wall (ascending + right transverse),181.3506581257728,0.0,0.0,0.0,0.0,
Adult Female,6100,Brain,electron,10.0,1000,8000_8001_8002_8200_8201_8202,Left colon wall (left transverse + descending),181.344670568124,0.0,0.0,0.0,0.0,
Adult Female,6100,Brain,electron,10.0,1000,8400_8401_8402_8600,Rectosigmoid colon wall (sigmoid + rectum),87.5565272477364,0.0,0.0,0.0,0.0,
Adult Female,6100,Brain,electron,10.0,1000,10000,Extrathoracic lymph nodes,12.6954704544888,4.821188762e-14,0.0300914934077131,0.5116592617999999,51.16592617999999,
Adult Female,6100,Brain,electron,10.0,1000,9700_9900,Alveolar-interstitium,949.7733446006616,3.255127087522357e-16,0.0002031690525529,0.806613231146981,80.6613231146981,
Adult Female,6100,Brain,electron,10.0,1000,10100,Thoracic lymph nodes,12.6954425665464,0.0,0.0,0.0,0.0,
Adult Female,6100,Brain,electron,10.0,1000,6600_6601_6800_6801,Entire lens of eye,0.4563200427839999,4.0731966340664027e-13,0.2542289375359007,0.8550209412461172,85.50209412461172,
Adult Female,6100,Brain,electron,10.0,1000,11400,Pituitary gland,0.6150875890969,1.331440424e-12,0.8310197488500404,0.5108590126,51.08590126,
Adult Female,6100,Brain,electron,10.0,1000,12600,Spinal cord,19.098306243841296,0.0,0.0,0.0,0.0,
Adult Female,6100,Brain,electron,10.0,1000,13500_13600,Ureters,15.377096770091198,0.0,0.0,0.0,0.0,
Adult Female,6100,Brain,electron,10.0,1000,11600_11700_11800_11900,Adipose/residual tissue,22325.44390576201,3.0550074925595333e-15,0.0019067856987357,0.0701957223848273,7.019572238482735,
Adult Female,9500,Liver,electron,10.0,1000,1400_2500_2700_2900_4000_4200_4400_4600_4800_5000_5200_5400_5600,Red (active) marrow,899.1,1.447776166062032e-14,0.0090363080782647,0.1199166791025785,11.991667910257856,Direct dose calculation
Adult Female,9500,Liver,electron,10.0,1000,7600_7601_7602_7800_7801_7802_8000_8001_8002_8200_8201_8202_8400_8401_8402_8600,Colon wall,450.2518559416332,1.2926465915163706e-15,0.000806806543102,0.6709516926439877,67.09516926439876,
Adult Female,9500,Liver,electron,10.0,1000,9700_9900,RLung + LLung,949.7733446006616,3.7289260852055876e-14,0.0232741259988054,0.1293872330592155,12.93872330592155,
Adult Female,9500,Liver,electron,10.0,1000,7200_7201_7202_7203,Stomach wall,172.87288770036602,1.1128477417289329e-13,0.0694584927849472,0.1530084260576281,15.300842605762814,
Adult Female,9500,Liver,electron,10.0,1000,6200_6300_6400_6500,Breast-a + Breast-g,512.3095308708365,2.836069021880905e-15,0.0017701350535867,0.5417312799696882,54.173127996968816,
Adult Female,9500,Liver,electron,10.0,1000,11100_11200,ROvary + LOvary,12.6365476832867,0.0,0.0,0.0,0.0,
Adult Female,9500,Liver,electron,10.0,1000,13700_13701,Urinary bladder wall,40.80452677620801,0.0,0.0,0.0,0.0,
Adult Female,9500,Liver,electron,10.0,1000,11000_11001_11002,Oesophagus wall,43.218221843014405,5.067101195991022e-14,0.0316263580959908,0.413434249970305,41.343424997030496,
Adult Female,9500,Liver,electron,10.0,1000,9500,Liver,1810.000002004968,6.067174806e-13,0.3786832660799108,0.0153554226499999,1.535542265,
Adult Female,9500,Liver,electron,10.0,1000,13200,Thyroid,19.4553068342601,0.0,0.0,0.0,0.0,
Adult Female,9500,Liver,electron,10.0,1000,1400_1500_1700_1800_2000_2100_2300_2500_2700_2900_3000_3200_3300_3500_3600_3800_4000_4200_4400_4600_4800_5000_5200_5400_5600,50-um endosteal region,407.50999999999993,4.854039805360471e-15,0.0030296533492952,0.1172150287740361,11.72150287740361,Direct dose calculation
Adult Female,9500,Liver,electron,10.0,1000,6100,Brain,1349.568113424676,0.0,0.0,0.0,0.0,
Adult Female,9500,Liver,electron,10.0,1000,12000_12100,Salivary glands,71.7597616442942,0.0,0.0,0.0,0.0,
Adult Female,9500,Liver,electron,10.0,1000,12200_12201_12300_12301_12400_12401_12500_12501,Skin,2422.0288890218944,2.9809124142667145e-15,0.0018605391883819,0.1013584812506228,10.135848125062289,
Adult Female,9500,Liver,electron,10.0,1000,100_200,RAdrenal + LAdrenal,15.465087135504,1.954659587783591e-13,0.1220002555463377,0.3608346575811446,36.08346575811446,
Adult Female,9500,Liver,electron,10.0,1000,300_301_302_303_401_402_403_404_405,ET region,19.0777948977352,0.0,0.0,0.0,0.0,
Adult Female,9500,Liver,electron,10.0,1000,7000,Gallbladder wall,8.2011184280042,4.989644634e-13,0.3114291226144739,0.1986819391,19.86819391,
Adult Female,9500,Liver,electron,10.0,1000,8700,Heart wall,290.88996946725456,4.6158219570000006e-14,0.0288096946307124,0.2194287483,21.94287483,
Adult Female,9500,Liver,electron,10.0,1000,8900_9000_9100_9200_9300_9400,RKidney + LKidney,356.9049464935012,6.857594724938689e-14,0.0428017397046816,0.1829117326742678,18.29117326742679,
Adult Female,9500,Liver,electron,10.0,1000,10200_10300_10400_10500,Systemic lymph nodes,125.5694786065128,1.702650652776562e-15,0.0010627109499941,0.8650878378,86.50878378,
Adult Female,9500,Liver,electron,10.0,1000,10600_10700_10800_10900,Muscle,17926.43830028058,2.477375717891267e-15,0.0015462563024067,0.090605463087585,9.060546308758507,
Adult Female,9500,Liver,electron,10.0,1000,500_501_600,Oral mucosa,0.101086645065,0.0,0.0,0.0,0.0,
Adult Female,9500,Liver,electron,10.0,1000,11300,Pancreas,144.55161999975547,1.36137547e-13,0.0849703734975381,0.215524427,21.5524427,
Adult Female,9500,Liver,electron,10.0,1000,7400_7401_7402_7403,Small intestine wall,755.7556190799887,1.4336082059573298e-15,0.0008947878626704,0.5717057919276476,57.17057919276476,
Adult Female,9500,Liver,electron,10.0,1000,12700,Spleen,187.399994554262,2.4434156049999997e-16,0.0001525060067128,0.6291425265000001,62.914252650000016,
Adult Female,9500,Liver,electron,10.0,1000,13100,Thymus,20.5027913149354,5.437957658e-16,0.0003394106206894,0.9994998749,99.94998749,
Adult Female,9500,Liver,electron,10.0,1000,13900,Uterus/cervix,81.99316851612399,0.0,0.0,0.0,0.0,
Adult Female,9500,Liver,electron,10.0,1000,500_13300_13301,Tongue,61.4766985224,0.0,0.0,0.0,0.0,
Adult Female,9500,Liver,electron,10.0,1000,13400,Tonsils,3.0754149242855,0.0,0.0,0.0,0.0,
Adult Female,9500,Liver,electron,10.0,1000,7600_7601_7602_7800_7801_7802,Right colon wall (ascending + right transverse),181.3506581257728,3.1783331035033e-15,0.0019837594907175,0.677427820263384,67.7427820263384,
Adult Female,9500,Liver,electron,10.0,1000,8000_8001_8002_8200_8201_8202,Left colon wall (left transverse + descending),181.344670568124,3.1011260634241214e-17,1.9355706465909644e-05,0.9994998749,99.94998749,
Adult Female,9500,Liver,electron,10.0,1000,8400_8401_8402_8600,Rectosigmoid colon wall (sigmoid + rectum),87.5565272477364,0.0,0.0,0.0,0.0,
Adult Female,9500,Liver,electron,10.0,1000,10000,Extrathoracic lymph nodes,12.6954704544888,0.0,0.0,0.0,0.0,
Adult Female,9500,Liver,electron,10.0,1000,9700_9900,Alveolar-interstitium,949.7733446006616,3.7289260852055876e-14,0.0232741259988054,0.1293872330592155,12.93872330592155,
Adult Female,9500,Liver,electron,10.0,1000,10100,Thoracic lymph nodes,12.6954425665464,2.177756739e-14,0.0135924884484374,0.5708422838,57.08422838,
Adult Female,9500,Liver,electron,10.0,1000,6600_6601_6800_6801,Entire lens of eye,0.4563200427839999,0.0,0.0,0.0,0.0,
Adult Female,9500,Liver,electron,10.0,1000,11400,Pituitary gland,0.6150875890969,0.0,0.0,0.0,0.0,
Adult Female,9500,Liver,electron,10.0,1000,12600,Spinal cord,19.098306243841296,3.749713384e-17,2.3403870112864432e-05,0.9994998749,99.94998749,
Adult Female,9500,Liver,electron,10.0,1000,13500_13600,Ureters,15.377096770091198,2.744587421267796e-15,0.0017130367295494,0.943601176774019,94.3601176774019,
Adult Female,9500,Liver,electron,10.0,1000,11600_11700_11800_11900,Adipose/residual tissue,22325.44390576201,5.894452909764988e-15,0.0036790281325281,0.0542492061938564,5.424920619385644,
Adult Male,6100,Brain,electron,10.0,1000,1400_2500_2700_2900_4000_4200_4400_4600_4800_5000_5200_5400_5600,Red (active) marrow,1170.2,1.922155101779958e-14,0.0119971485102814,0.0597584936175401,5.975849361754013,Direct dose calculation
Adult Male,6100,Brain,electron,10.0,1000,7600_7601_7602_7800_7801_7802_8000_8001_8002_8200_8201_8202_8400_8401_8402_8600,Colon wall,493.0286250496823,0.0,0.0,0.0,0.0,
Adult Male,6100,Brain,electron,10.0,1000,9700_9900,RLung + LLung,1198.7383429115455,1.2327588006786062e-17,7.694275241057367e-06,0.5966374551,59.66374551,
Adult Male,6100,Brain,electron,10.0,1000,7200_7201_7202_7203,Stomach wall,194.2706753681761,0.0,0.0,0.0,0.0,
Adult Male,6100,Brain,electron,10.0,1000,6200_6300_6400_6500,Breast-a + Breast-g,25.8983249613398,0.0,0.0,0.0,0.0,
Adult Male,6100,Brain,electron,10.0,1000,12900_13000,Testes,37.2335030541024,0.0,0.0,0.0,0.0,
Adult Male,6100,Brain,electron,10.0,1000,13700_13701,Urinary bladder wall,51.098861067696,0.0,0.0,0.0,0.0,
Adult Male,6100,Brain,electron,10.0,1000,11000_11001_11002,Oesophagus wall,51.805516059568895,7.245667512563849e-17,4.522389953019354e-05,0.9994998749,99.94998749,
Adult Male,6100,Brain,electron,10.0,1000,9500,Liver,2360.0000048976,2.945991387e-18,1.838743197524489e-06,0.9994998749,99.94998749,
Adult Male,6100,Brain,electron,10.0,1000,13200,Thyroid,23.35052428915409,0.0,0.0,0.0,0.0,
Adult Male,6100,Brain,electron,10.0,1000,1400_1500_1700_1800_2000_2100_2300_2500_2700_2900_3000_3200_3300_3500_3600_3800_4000_4200_4400_4600_4800_5000_5200_5400_5600,50-um endosteal region,544.4000000000001,3.7557553412242186e-14,0.0234415810437068,0.0577841546169616,5.778415461696166,Direct dose calculation
Adult Male,6100,Brain,electron,10.0,1000,6100,Brain,1517.389677890517,7.697210455000001e-13,0.4804220890291975,0.0137660675599999,1.3766067559999997,
Adult Male,6100,Brain,electron,10.0,1000,12000_12100,Salivary glands,88.09072105494198,5.505471023185629e-16,0.0003436244735039,0.6470606830779223,64.70606830779224,
Adult Male,6100,Brain,electron,10.0,1000,12200_12201_12300_12301_12400_12401_12500_12501,Skin,3469.5686797503827,3.385048281466832e-15,0.0021127809566264,0.0967299464050517,9.672994640505172,
Adult Male,6100,Brain,electron,10.0,1000,100_200,RAdrenal + LAdrenal,17.3654826537696,0.0,0.0,0.0,0.0,
Adult Male,6100,Brain,electron,10.0,1000,300_301_302_303_401_402_403_404_405,ET region,40.874294211561896,4.7194879390032185e-14,0.0294567267980985,0.4434712131648211,44.34712131648211,
Adult Male,6100,Brain,electron,10.0,1000,7000,Gallbladder wall,10.363612759847,0.0,0.0,0.0,0.0,
Adult Male,6100,Brain,electron,10.0,1000,8700,Heart wall,385.83881449935967,0.0,0.0,0.0,0.0,
Adult Male,6100,Brain,electron,10.0,1000,8900_9000_9100_9200_9300_9400,RKidney + LKidney,422.1460954257534,0.0,0.0,0.0,0.0,
Adult Male,6100,Brain,electron,10.0,1000,10200_10300_10400_10500,Systemic lymph nodes,157.75215354934082,0.0,0.0,0.0,0.0,
Adult Male,6100,Brain,electron,10.0,1000,10600_10700_10800_10900,Muscle,29776.62079065681,1.1889707714912813e-15,0.0007420971859531,0.1152884967164554,11.528849671645542,
Adult Male,6100,Brain,electron,10.0,1000,500_501_600,Oral mucosa,0.132558756435,6.734951674636728e-15,0.0042036261993301,0.6282325434658009,62.82325434658009,
Adult Male,6100,Brain,electron,10.0,1000,11300,Pancreas,173.6312955899076,0.0,0.0,0.0,0.0,
Adult Male,6100,Brain,electron,10.0,1000,11500,Prostate,17.6181441863475,0.0,0.0,0.0,0.0,
Adult Male,6100,Brain,electron,10.0,1000,7400_7401_7402_7403,Small intestine wall,862.6001132021238,0.0,0.0,0.0,0.0,
Adult Male,6100,Brain,electron,10.0,1000,12700,Spleen,228.399995069508,0.0,0.0,0.0,0.0,
Adult Male,6100,Brain,electron,10.0,1000,13100,Thymus,25.9090285487644,0.0,0.0,0.0,0.0,
Adult Male,6100,Brain,electron,10.0,1000,500_13300_13301,Tongue,75.63116131116001,1.3365104480454248e-14,0.0083418420895876,0.5350394720639917,53.503947206399175,
Adult Male,6100,Brain,electron,10.0,1000,13400,Tonsils,3.1090947489247,2.5203340630000002e-14,0.015730687924888,0.7533859084000001,75.33859084000001,
Adult Male,6100,Brain,electron,10.0,1000,7600_7601_7602_7800_7801_7802,Right colon wall (ascending + right transverse),199.8816354031003,0.0,0.0,0.0,0.0,
Adult Male,6100,Brain,electron,10.0,1000,8000_8001_8002_8200_8201_8202,Left colon wall (left transverse + descending),199.8816446823837,0.0,0.0,0.0,0.0,
Adult Male,6100,Brain,electron,10.0,1000,8400_8401_8402_8600,Rectosigmoid colon wall (sigmoid + rectum),93.2653449641983,0.0,0.0,0.0,0.0,
Adult Male,6100,Brain,electron,10.0,1000,10000,Extrathoracic lymph nodes,15.9491859978336,9.510425749000001e-14,0.0593594086143725,0.4150126662,41.50126662,
Adult Male,6100,Brain,electron,10.0,1000,9700_9900,Alveolar-interstitium,1198.7383429115455,1.2327588006786062e-17,7.694275241057367e-06,0.5966374551,59.66374551,
Adult Male,6100,Brain,electron,10.0,1000,10100,Thoracic lymph nodes,15.9492054466992,0.0,0.0,0.0,0.0,
Adult Male,6100,Brain,electron,10.0,1000,6600_6601_6800_6801,Entire lens of eye,0.4563200232799999,0.0,0.0,0.0,0.0,
Adult Male,6100,Brain,electron,10.0,1000,11400,Pituitary gland,0.6218196488647999,0.0,0.0,0.0,0.0,
Adult Male,6100,Brain,electron,10.0,1000,12600,Spinal cord,37.951723316125,8.610879111e-15,0.0053744880110394,0.9030549763,90.30549763,
Adult Male,6100,Brain,electron,10.0,1000,13500_13600,Ureters,16.581775641709697,0.0,0.0,0.0,0.0,
Adult Male,6100,Brain,electron,10.0,1000,11600_11700_11800_11900,Adipose/residual tissue,18212.50240985575,3.0345539397152225e-15,0.0018940195951674,0.0709094869856371,7.090948698563719,
Adult Male,9500,Liver,electron,10.0,1000,1400_2500_2700_2900_4000_4200_4400_4600_4800_5000_5200_5400_5600,Red (active) marrow,1170.2,9.613228863480045e-15,0.0060001055186282,0.137415712271626,13.741571227162606,Direct dose calculation
Adult Male,9500,Liver,electron,10.0,1000,7600_7601_7602_7800_7801_7802_8000_8001_8002_8200_8201_8202_8400_8401_8402_8600,Colon wall,493.0286250496823,9.662599946970031e-15,0.00603092052519,0.2595949042611162,25.959490426111625,
Adult Male,9500,Liver,electron,10.0,1000,9700_9900,RLung + LLung,1198.7383429115455,3.3446664770390655e-14,0.0208757661674852,0.1285766083206387,12.857660832063871,
Adult Male,9500,Liver,electron,10.0,1000,7200_7201_7202_7203,Stomach wall,194.2706753681761,5.596499820919757e-14,0.0349306044174908,0.1761713721950112,17.617137219501128,
Adult Male,9500,Liver,electron,10.0,1000,6200_6300_6400_6500,Breast-a + Breast-g,25.8983249613398,9.471995818033793e-18,5.911954785151599e-06,0.9994998749,99.94998749,
Adult Male,9500,Liver,electron,10.0,1000,12900_13000,Testes,37.2335030541024,0.0,0.0,0.0,0.0,
Adult Male,9500,Liver,electron,10.0,1000,13700_13701,Urinary bladder wall,51.098861067696,0.0,0.0,0.0,0.0,
Adult Male,9500,Liver,electron,10.0,1000,11000_11001_11002,Oesophagus wall,51.805516059568895,2.798992427440316e-14,0.0174699366352167,0.5838153643,58.38153643,
Adult Male,9500,Liver,electron,10.0,1000,9500,Liver,2360.0000048976,4.939881744e-13,0.3083231673194098,0.0134944385499999,1.349443855,
Adult Male,9500,Liver,electron,10.0,1000,13200,Thyroid,23.35052428915409,0.0,0.0,0.0,0.0,
Adult Male,9500,Liver,electron,10.0,1000,1400_1500_1700_1800_2000_2100_2300_2500_2700_2900_3000_3200_3300_3500_3600_3800_4000_4200_4400_4600_4800_5000_5200_5400_5600,50-um endosteal region,544.4000000000001,3.1673930654826648e-15,0.0019769312560595,0.1339115137361809,13.391151373618095,Direct dose calculation
Adult Male,9500,Liver,electron,10.0,1000,6100,Brain,1517.389677890517,0.0,0.0,0.0,0.0,
Adult Male,9500,Liver,electron,10.0,1000,12000_12100,Salivary glands,88.09072105494198,0.0,0.0,0.0,0.0,
Adult Male,9500,Liver,electron,10.0,1000,12200_12201_12300_12301_12400_12401_12500_12501,Skin,3469.5686797503827,1.383258165610754e-15,0.0008633618392981,0.1490762742476545,14.90762742476545,
Adult Male,9500,Liver,electron,10.0,1000,100_200,RAdrenal + LAdrenal,17.3654826537696,1.126365339142413e-13,0.0703021948541588,0.4698287091000001,46.98287091000001,
Adult Male,9500,Liver,electron,10.0,1000,300_301_302_303_401_402_403_404_405,ET region,40.874294211561896,0.0,0.0,0.0,0.0,
Adult Male,9500,Liver,electron,10.0,1000,7000,Gallbladder wall,10.363612759847,3.9464155230000004e-13,0.2463158829839885,0.2034633355,20.346333550000004,
Adult Male,9500,Liver,electron,10.0,1000,8700,Heart wall,385.83881449935967,3.717602317e-14,0.0232034485967932,0.1957527466,19.57527466,
Adult Male,9500,Liver,electron,10.0,1000,8900_9000_9100_9200_9300_9400,RKidney + LKidney,422.1460954257534,2.76975725228458e-14,0.0172874650241887,0.2418723883012477,24.187238830124773,
Adult Male,9500,Liver,electron,10.0,1000,10200_10300_10400_10500,Systemic lymph nodes,157.75215354934082,1.4674275138034305e-15,0.0009158962143517,0.6011045332999999,60.11045332999999,
Adult Male,9500,Liver,electron,10.0,1000,10600_10700_10800_10900,Muscle,29776.62079065681,1.799394677159679e-15,0.0011230938206029,0.0860210338776825,8.602103387768254,
Adult Male,9500,Liver,electron,10.0,1000,500_501_600,Oral mucosa,0.132558756435,0.0,0.0,0.0,0.0,
Adult Male,9500,Liver,electron,10.0,1000,11300,Pancreas,173.6312955899076,9.729914974000003e-14,0.0607293526039564,0.2191569085999999,21.91569086,
Adult Male,9500,Liver,electron,10.0,1000,11500,Prostate,17.6181441863475,0.0,0.0,0.0,0.0,
Adult Male,9500,Liver,electron,10.0,1000,7400_7401_7402_7403,Small intestine wall,862.6001132021238,1.913537436691015e-15,0.0011943361275427,0.5396326559082083,53.96326559082083,
Adult Male,9500,Liver,electron,10.0,1000,12700,Spleen,228.399995069508,5.323209987999999e-16,0.0003322486344536,0.8888507340999999,88.88507340999999,
Adult Male,9500,Liver,electron,10.0,1000,13100,Thymus,25.9090285487644,0.0,0.0,0.0,0.0,
Adult Male,9500,Liver,electron,10.0,1000,500_13300_13301,Tongue,75.63116131116001,0.0,0.0,0.0,0.0,
Adult Male,9500,Liver,electron,10.0,1000,13400,Tonsils,3.1090947489247,0.0,0.0,0.0,0.0,
Adult Male,9500,Liver,electron,10.0,1000,7600_7601_7602_7800_7801_7802,Right colon wall (ascending + right transverse),199.8816354031003,2.1598238200894552e-14,0.0134805599723256,0.2727388661618313,27.27388661618313,
Adult Male,9500,Liver,electron,10.0,1000,8000_8001_8002_8200_8201_8202,Left colon wall (left transverse + descending),199.8816446823837,2.230531764375293e-15,0.0013921884248221,0.8483250826267917,84.83250826267917,
Adult Male,9500,Liver,electron,10.0,1000,8400_8401_8402_8600,Rectosigmoid colon wall (sigmoid + rectum),93.2653449641983,1.0773940309808189e-17,6.72456462113706e-06,0.9994998748999998,99.94998748999998,
Adult Male,9500,Liver,electron,10.0,1000,10000,Extrathoracic lymph nodes,15.9491859978336,0.0,0.0,0.0,0.0,
Adult Male,9500,Liver,electron,10.0,1000,9700_9900,Alveolar-interstitium,1198.7383429115455,3.3446664770390655e-14,0.0208757661674852,0.1285766083206387,12.857660832063871,
Adult Male,9500,Liver,electron,10.0,1000,10100,Thoracic lymph nodes,15.9492054466992,1.4653303010000003e-14,0.0091458723707743,0.9308666641,93.08666641,
Adult Male,9500,Liver,electron,10.0,1000,6600_6601_6800_6801,Entire lens of eye,0.4563200232799999,0.0,0.0,0.0,0.0,
Adult Male,9500,Liver,electron,10.0,1000,11400,Pituitary gland,0.6218196488647999,0.0,0.0,0.0,0.0,
Adult Male,9500,Liver,electron,10.0,1000,12600,Spinal cord,37.951723316125,2.5831868229999996e-16,0.0001612298399678,0.9020216887,90.20216887,
Adult Male,9500,Liver,electron,10.0,1000,13500_13600,Ureters,16.581775641709697,3.6779764687695305e-15,0.0022956123505479,0.9994998749000004,99.94998749000004,
Adult Male,9500,Liver,electron,10.0,1000,11600_11700_11800_11900,Adipose/residual tissue,18212.50240985575,6.183872592406904e-15,0.0038596696900819,0.0567114673881867,5.671146738818674,
