Phantom Group,Sex,Compound Organ,Acronym,Constituent Organ IDs,Reference Mass (g),Phantom Mass (g),% Error
ICRP145,Male,Red (active) marrow,R-marrow,1400_2500_2700_2900_4000_4200_4400_4600_4800_5000_5200_5400_5600,2896.3451151058944,3245.396722579167,12.051450832043228
ICRP145,Male,Colon wall,Colon,7600_7601_7602_7800_7801_7802_8000_8001_8002_8200_8201_8202_8400_8401_8402_8600,436.26301101385485,493.03833578014877,13.01401295387173
ICRP145,Male,Stem cells of colon,Colon-stem,7601_7801_8001_8201_8401,1.1005800313425569,1.2438187391401687,13.014837968928095
ICRP145,Male,RLung + LLung,Lungs,9700_9900,1060.6968515359013,1198.7383429115407,13.014226560185769
ICRP145,Male,Stomach wall,St-wall,7200_7201_7202_7203,171.89931918877897,194.27067536816895,13.01422035000724
ICRP145,Male,Stem cells of stomach,St-stem,7201,1.0554677357504934,1.1928211312291406,13.013509634283771
ICRP145,Male,Breast-a + Breast-g,Breast,6200_6300_6400_6500,22.942430878073644,25.898324961370193,12.883962030900275
ICRP145,Male,ROvary + LOvary,Ovaries,11100_11200,0.0,0.0,
ICRP145,Male,Testes,Testes,12900_13000,31.775315784325727,37.233503054102286,17.177444614001285
ICRP145,Male,Urinary bladder wall,UB-wall,13700_13701,45.21454868857473,51.09886106769904,13.014201290946906
ICRP145,Male,Urinary bladder basal cells,UB-basal,13701,1.8323037463906737,1.317737831556219,-28.08300293267762
ICRP145,Male,Oesophagus wall,Oesophagus,11000_11001_11002,45.8503239154361,51.805516059629404,12.98833167498826
ICRP145,Male,Oesophagus basal cells,Oesophagus-bas,11001,0.09120915065870157,0.1030714170553999,13.005566120318488
ICRP145,Male,Liver,Liver,9500,2088.232684650478,2360.00000489757,13.014225964602192
ICRP145,Male,Thyroid,Thyroid,13200,20.661579089271694,23.350524289116485,13.014228913611921
ICRP145,Male,50-um endosteal region,Endost-BS,1400_1500_1700_2000_2100_2300_2500_2700_2900_3000_3200_3500_3600_3800_4000_4200_4400_4600_4800_5000_5200_5400_5600,4711.58202829455,5160.969643854012,9.53793466527266
ICRP145,Male,Brain,Brain,6100,1449.5416681878035,1517.3896778905007,4.680652594659103
ICRP145,Male,Salivary glands,S-glands,12000_12100,81.3769264876669,88.09072105496793,8.25024347450445
ICRP145,Male,Skin,Skin,12200_12201,3176.4670101954403,267.70031017701734,-91.57238814954522
ICRP145,Male,Basal cells of skin,Skin-bas,12201,93.69861922226112,8.47000153082754,-90.96037743017752
ICRP145,Male,RAdrenal + LAdrenal,Adrenals,100_200,15.365753900045197,17.365482653760743,13.014192253265646
ICRP145,Male,ET region,ET,300_301_302_303_401_402_403_404_405,37.963907543051505,40.874294211833046,7.666193648483444
ICRP145,Male,Gallbladder wall,GB-wall,7000,9.170194617739174,10.363612759822626,13.014098302503399
ICRP145,Male,Heart wall,Ht-wall,8700,341.40731112772846,385.8388144993086,13.014221407507382
ICRP145,Male,RKidney + LKidney,Kidneys,8900_9000_9100_9200_9300_9400,373.5335986508672,422.1460954257182,13.014223339059775
ICRP145,Male,Systemic lymph nodes,LN-Sys,10200_10300_10400_10500,139.32095807552173,157.75215354933238,13.22930571854067
ICRP145,Male,Muscle,Muscle,10600,26267.36323333447,1200.8277988924913,-95.42844179590668
ICRP145,Male,Oral mucosa,O-mucosa,500_501_600,0.12250422558229317,0.13255875637427758,8.207497124440174
ICRP145,Male,Pancreas,Pancreas,11300,153.6366754934898,173.63129558992782,13.014223350130525
ICRP145,Male,Prostate,Prostate,11500,15.589316664667244,17.618144186398624,13.014217142241142
ICRP145,Male,Small intestine wall,SI-wall,7400_7401_7402_7403,763.2666712941111,862.6001132020851,13.014251197363977
ICRP145,Male,Stem cells of small intestine,SI-stem,7401,2.0036706624923166,2.264442034599205,13.014682352164671
ICRP145,Male,Spleen,Spleen,12700,202.09844362466902,228.39999506950068,13.014227607649511
ICRP145,Male,Thymus,Thymus,13100,22.925457109594,25.909028548785557,13.014228789108733
ICRP145,Male,Uterus/cervix,Uterus,13900,0.0,0.0,
ICRP145,Male,Tongue,Tongue,500_13300_13301,69.83176720910029,75.63116131119254,8.304807874512003
ICRP145,Male,Tonsils,Tonsils,13400,2.900397931324652,3.1090947489144223,7.19545464213097
ICRP145,Male,Right colon wall (ascending + right transverse),RC-wall,7600_7601_7602_7800_7801_7802,176.86413096017506,199.8816354032053,13.014229803449043
ICRP145,Male,Left colon wall (left transverse + descending),LC-wall,8000_8001_8002_8200_8201_8202,176.86415374530185,199.8816446824594,13.014220490549228
ICRP145,Male,Rectosigmoid colon wall (sigmoid + rectum),RS-wall,8400_8401_8402_8600,82.53472630837805,93.27505569448397,13.01310353411285
ICRP145,Male,Stem cells of right colon (ascending + right transverse),RC-stem,7601_7801,0.453006606283195,0.5119609114730238,13.014005617607657
ICRP145,Male,Stem cells of left colon (left transverse + descending),LC-stem,8001_8201,0.36127799667279303,0.4082950725719744,13.014098929961794
ICRP145,Male,Stem cells of rectosigmoid colon (sigmoid + rectum),RSig-stem,8401,0.28629542838656874,0.32356275509517063,13.017087600253923
ICRP145,Male,Basal cells of anterior nasal passages,ET1-bas,302,0.026311444646383204,0.028076494647082444,6.708297565644558
ICRP145,Male,Basal cells of posterior nasal passages + pharynx,ET2-bas,402,0.0902278602647502,0.09782525443563121,8.42023090050948
ICRP145,Male,Extrathoracic lymph nodes,LN-ET,10000,14.81599759293954,15.949185997804115,7.648411102635352
ICRP145,Male,Bronchi basal cells,Bronch-bas,804_805,0.06948528104251393,0.07852180013611612,13.004939978688835
ICRP145,Male,Bronchi secretory cells,Bronch-sec,803_804,0.13853603928044378,0.15656788286134307,13.015994736500836
ICRP145,Male,Bronchiolar secretory cells,Brchiol-sec,813,0.0,0.0,
ICRP145,Male,Alveolar-interstitium,AI,9700_9900,1060.6968515359013,1198.7383429115407,13.014226560185769
ICRP145,Male,Thoracic lymph nodes,LN-Th,10100,14.112556659780322,15.949205446656883,13.014288134699683
ICRP145,Male,Right lung lobe,RLung,9900,577.6807739263216,652.8614495578809,13.014224988063717
ICRP145,Male,Left lung lobe,LLung,9700,483.01607760957955,545.8768933536599,13.014228440422745
ICRP145,Male,Right adrenal gland,RAdrenal,200,7.682878120561571,8.682743131787394,13.01419852737087
ICRP145,Male,Left adrenal gland,LAdrenal,100,7.682875779483626,8.682739521973351,13.014185979158535
ICRP145,Male,Right breast adipose,RBreast-a,6400,6.8876813723224775,7.769029192598022,12.796001624249934
ICRP145,Male,Right breast glandular,RBreast-g,6500,4.5836158899336334,5.180136443151125,13.01419158022267
ICRP145,Male,Left breast adipose,LBreast-a,6200,6.887520596157155,7.769025257475426,12.798577499864033
ICRP145,Male,Left breast glandular,LBreast-g,6300,4.58361301966038,5.18013406814562,13.01421053493383
ICRP145,Male,RBreast-a + RBreast-g,RBreast,6400_6500,11.471297262256112,12.949165635749146,12.883184348780233
ICRP145,Male,LBreast-a + LBreast-g,LBreast,6200_6300,11.471133615817536,12.949159325621046,12.884739724114647
ICRP145,Male,RBreast-a + LBreast-a,Breast-a,6200_6400,13.775201968479632,15.538054450073448,12.79728954702493
ICRP145,Male,RBreast-g + LBreast-g,Breast-g,6300_6500,9.167228909594012,10.360270511296743,13.014201057575283
ICRP145,Male,Entire lens of eye,Lens-ent,6600_6601_6800_6801,0.43190108842848085,0.4563200232505511,5.653825719893692
ICRP145,Male,Sensitive lens of eye,Lens-sen,6600_6800,0.07361677337481601,0.0777788020465146,5.653641800500877
ICRP145,Male,Right kidney cortex,RKidney-C,9200,147.36370239894558,166.54194565312235,13.014224630606188
ICRP145,Male,Right kidney medulla,RKidney-M,9300,34.82936822852215,39.362138158463054,13.01421805931286
ICRP145,Male,Right kidney pelvis,RKidney-P,9400,6.9836222854053345,7.89248678926693,13.01422767037356
ICRP145,Male,Right kidney C+M+P,RKidney,9200_9300_9400,189.17669291287308,213.79657060085233,13.014223532979374
ICRP145,Male,Left kidney cortex,LKidney-C,8900,143.6442636351903,162.33844661404672,13.014221734836248
ICRP145,Male,Left kidney medulla,LKidney-M,9000,33.94199459608314,38.35928191888284,13.014224341752298
ICRP145,Male,Left kidney pelvis,LKidney-P,9100,6.770647506720763,7.651796291936333,13.014246928981501
ICRP145,Male,Left kidney C+M+P,LKidney,8900_9000_9100,184.3569057379942,208.34952482486588,13.01422314007033
ICRP145,Male,Right ovary,ROvary,11200,0.0,0.0,
ICRP145,Male,Left ovary,LOvary,11100,0.0,0.0,
ICRP145,Male,Pituitary gland,P-gland,11400,0.587518741194832,0.6218196488304819,5.838266123373764
ICRP145,Male,Spinal cord,Sp-cord,12600,33.88678693897573,37.951723316166984,11.995638254259697
ICRP145,Male,Ureters,Ureters,13500_13600,14.672290289421289,16.58177564174428,13.01422828104572
ICRP145,Male,Adipose/residual tissue,Adipose,11600,15614.359488339216,975.6224151055426,-93.75176153825498
ICRP145,Female,Red (active) marrow,R-marrow,1400_2500_2700_2900_4000_4200_4400_4600_4800_5000_5200_5400_5600,2204.9766058317623,2452.442545613498,11.223064187040963
ICRP145,Female,Colon wall,Colon,7600_7601_7602_7800_7801_7802_8000_8001_8002_8200_8201_8202_8400_8401_8402_8600,401.0345610872907,450.2518559415986,12.27258187445722
ICRP145,Female,Stem cells of colon,Colon-stem,7601_7801_8001_8201_8401,1.1344543758218655,1.2736687925787815,12.27148660395099
ICRP145,Female,RLung + LLung,Lungs,9700_9900,845.9578457139596,949.7733446006667,12.27194704945261
ICRP145,Female,Stomach wall,St-wall,7200_7201_7202_7203,153.9769319589917,172.87288770040027,12.271939374945507
ICRP145,Female,Stem cells of stomach,St-stem,7201,0.9296354936216783,1.0437299846490133,12.273035163797932
ICRP145,Female,Breast-a + Breast-g,Breast,6200_6300_6400_6500,476.8714862982818,512.3095308708137,7.4313616122490185
ICRP145,Female,ROvary + LOvary,Ovaries,11100_11200,11.255302700275433,12.636547683324645,12.271948785663591
ICRP145,Female,Testes,Testes,12900_13000,0.0,0.0,
ICRP145,Female,Urinary bladder wall,UB-wall,13700_13701,36.34437311593107,40.80452677619653,12.271923486033147
ICRP145,Female,Urinary bladder basal cells,UB-basal,13701,2.012106842758913,1.3454738559917723,-33.13109287243826
ICRP145,Female,Oesophagus wall,Oesophagus,11000_11001_11002,38.521281497043816,43.218221843132085,12.19310511891646
ICRP145,Female,Oesophagus basal cells,Oesophagus-bas,11001,0.08969558132206938,0.10061746876350214,12.176617042277257
ICRP145,Female,Liver,Liver,9500,1612.1569298984964,1810.0000020049406,12.271948743780214
ICRP145,Female,Thyroid,Thyroid,13200,17.328734464969504,19.45530683430379,12.27194272976604
ICRP145,Female,50-um endosteal region,Endost-BS,1400_1500_1700_2000_2100_2300_2500_2700_2900_3000_3200_3500_3600_3800_4000_4200_4400_4600_4800_5000_5200_5400_5600,3514.0907208442095,3824.2477446914377,8.826096093862864
ICRP145,Female,Brain,Brain,6100,1276.255611476403,1349.5681134246909,5.744343162062833
ICRP145,Female,Salivary glands,S-glands,12000_12100,66.0234703117623,71.75972024118914,8.688198154899041
ICRP145,Female,Skin,Skin,12200_12201,2241.707054377586,161.90656217937294,-92.77753255657544
ICRP145,Female,Basal cells of skin,Skin-bas,12201,82.17758190275877,6.324483800426981,-92.30388184467296
ICRP145,Female,RAdrenal + LAdrenal,Adrenals,100_200,13.774666369145372,15.465087135502394,12.271954333089967
ICRP145,Female,ET region,ET,300_301_302_303_401_402_403_404_405,17.573824654762333,19.0777948977631,8.558013252927296
ICRP145,Female,Gallbladder wall,GB-wall,7000,7.304689191881326,8.20111842803206,12.271969588344103
ICRP145,Female,Heart wall,Ht-wall,8700,259.09406587698584,290.8899694672094,12.271953617540522
ICRP145,Female,RKidney + LKidney,Kidneys,8900_9000_9100_9200_9300_9400,317.8932589000766,356.90494649345965,12.271945535543924
ICRP145,Female,Systemic lymph nodes,LN-Sys,10200_10300_10400_10500,111.51267145240888,125.5694786065277,12.605569368067687
ICRP145,Female,Muscle,Muscle,10600,15824.543639820877,445.02162805060715,-97.18777591202848
ICRP145,Female,Oral mucosa,O-mucosa,500_501_600,0.09258048618279907,0.10108664517593789,9.187853017258423
ICRP145,Female,Pancreas,Pancreas,11300,128.75133062298374,144.5516199997302,12.271942589093452
ICRP145,Female,Prostate,Prostate,11500,0.0,0.0,
ICRP145,Female,Small intestine wall,SI-wall,7400_7401_7402_7403,673.1431398073083,755.7556190799457,12.272646690908234
ICRP145,Female,Stem cells of small intestine,SI-stem,7401,1.7115965627327447,1.9216446127782374,12.272053743209717
ICRP145,Female,Spleen,Spleen,12700,166.9161382670743,187.3999945542682,12.271944762116824
ICRP145,Female,Thymus,Thymus,13100,18.2617220785338,20.502791314985984,12.271949090094326
ICRP145,Female,Uterus/cervix,Uterus,13900,73.03085942050788,81.99316851617225,12.271948004965761
ICRP145,Female,Tongue,Tongue,500_13300_13301,56.35691970188359,61.476663648270126,9.084499247774573
ICRP145,Female,Tonsils,Tonsils,13400,2.8321214487124466,3.0754149243094386,8.590502914611918
ICRP145,Female,Right colon wall (ascending + right transverse),RC-wall,7600_7601_7602_7800_7801_7802,161.52803497488043,181.35065812567535,12.271939761959949
ICRP145,Female,Left colon wall (left transverse + descending),LC-wall,8000_8001_8002_8200_8201_8202,161.5226770036315,181.34467056814742,12.27195706028961
ICRP145,Female,Rectosigmoid colon wall (sigmoid + rectum),RS-wall,8400_8401_8402_8600,77.98384910877874,87.55652724777582,12.27520601816443
ICRP145,Female,Stem cells of right colon (ascending + right transverse),RC-stem,7601_7801,0.5239121420211996,0.58820866356296,12.272386223711274
ICRP145,Female,Stem cells of left colon (left transverse + descending),LC-stem,8001_8201,0.3380582850684867,0.37953320228549386,12.26856996230838
ICRP145,Female,Stem cells of rectosigmoid colon (sigmoid + rectum),RSig-stem,8401,0.2724839487321792,0.30592692673032784,12.273375424039862
ICRP145,Female,Basal cells of anterior nasal passages,ET1-bas,302,0.010078703608281862,0.010893182985760566,8.081191878779244
ICRP145,Female,Basal cells of posterior nasal passages + pharynx,ET2-bas,402,0.0665560994452484,0.07230681899474375,8.640409515323409
ICRP145,Female,Extrathoracic lymph nodes,LN-ET,10000,11.730053672539896,12.695470454476366,8.230284437628066
ICRP145,Female,Bronchi basal cells,Bronch-bas,804_805,0.02849936082242499,0.03199871332349856,12.278705206328944
ICRP145,Female,Bronchi secretory cells,Bronch-sec,803_804,0.05671607192458314,0.06367896764915759,12.276759458647277
ICRP145,Female,Bronchiolar secretory cells,Brchiol-sec,813,0.0,0.0,
ICRP145,Female,Alveolar-interstitium,AI,9700_9900,845.9578457139596,949.7733446006667,12.27194704945261
ICRP145,Female,Thoracic lymph nodes,LN-Th,10100,11.307762833683439,12.695442566577848,12.271921097962927
ICRP145,Female,Right lung lobe,RLung,9900,465.4036237031395,522.517709631839,12.27194697674509
ICRP145,Female,Left lung lobe,LLung,9700,380.55422201082007,427.25563496882774,12.271947138371212
ICRP145,Female,Right adrenal gland,RAdrenal,200,7.703218256794416,8.648553977873142,12.271958155215435
ICRP145,Female,Left adrenal gland,LAdrenal,100,6.071448112350957,6.816533157629252,12.271949483725162
ICRP145,Female,Right breast adipose,RBreast-a,6400,147.17322653384187,153.66330353990477,4.4098217854662165
ICRP145,Female,Right breast glandular,RBreast-g,6500,91.2885780331,102.49146139059859,12.271944200332028
ICRP145,Female,Left breast adipose,LBreast-a,6200,147.12110663808974,153.6633058179418,4.446812105584223
ICRP145,Female,Left breast glandular,LBreast-g,6300,91.28857509325019,102.4914601223685,12.271946426674633
ICRP145,Female,RBreast-a + RBreast-g,RBreast,6400_6500,238.46180456694185,256.15476493050335,7.41962025981174
ICRP145,Female,LBreast-a + LBreast-g,LBreast,6200_6300,238.40968173133993,256.1547659403103,7.443105531665041
ICRP145,Female,RBreast-a + LBreast-a,Breast-a,6200_6400,294.2943331719316,307.32660935784656,4.428313670009161
ICRP145,Female,RBreast-g + LBreast-g,Breast-g,6300_6500,182.5771531263502,204.9829215129671,12.271945313503311
ICRP145,Female,Entire lens of eye,Lens-ent,6600_6601_6800_6801,0.4250016647954176,0.4563200428692029,7.369001269409373
ICRP145,Female,Sensitive lens of eye,Lens-sen,6600_6800,0.07244058439860024,0.07777881370884107,7.369114087853745
ICRP145,Female,Right kidney cortex,RKidney-C,9200,111.46747823643939,125.14670252811037,12.271942012230035
ICRP145,Female,Right kidney medulla,RKidney-M,9300,28.00323397048926,31.43977765770199,12.271952913846572
ICRP145,Female,Right kidney pelvis,RKidney-P,9400,5.604213010212043,6.291959956334409,12.271962983368901
ICRP145,Female,Right kidney C+M+P,RKidney,9200_9300_9400,145.0749252171407,162.87844014214676,12.27194492663613
ICRP145,Female,Left kidney cortex,LKidney-C,8900,132.7946008488992,149.09108200689556,12.271945586507222
ICRP145,Female,Left kidney medulla,LKidney-M,9000,33.34864965330282,37.44117632849867,12.271941196247292
ICRP145,Female,Left kidney pelvis,LKidney-P,9100,6.675083180733894,7.4942480159186475,12.27197943463964
ICRP145,Female,Left kidney C+M+P,LKidney,8900_9000_9100,172.81833368293593,194.0265063513129,12.27194604670063
ICRP145,Female,Right ovary,ROvary,11200,5.627653310417494,6.3182755885017565,12.271940718271217
ICRP145,Female,Left ovary,LOvary,11100,5.62764938985794,6.3182720948228885,12.271956853061567
ICRP145,Female,Pituitary gland,P-gland,11400,0.5736272725586633,0.6150875891179538,7.22774500841929
ICRP145,Female,Spinal cord,Sp-cord,12600,17.139528814037053,19.098306243806675,11.428420530238897
ICRP145,Female,Ureters,Ureters,13500_13600,13.696295484507871,15.37709677012047,12.271940887328139
ICRP145,Female,Adipose/residual tissue,Adipose,11600,22170.762514499675,844.5432189000495,-96.19073444881421
ICRP145_RESIZED,Male,Red (active) marrow,R-marrow,1400_2500_2700_2900_4000_4200_4400_4600_4800_5000_5200_5400_5600,2896.3451151058944,2896.3451151058944,0.0
ICRP145_RESIZED,Male,Colon wall,Colon,7600_7601_7602_7800_7801_7802_8000_8001_8002_8200_8201_8202_8400_8401_8402_8600,436.26301101385485,436.26301101385485,0.0
ICRP145_RESIZED,Male,Stem cells of colon,Colon-stem,7601_7801_8001_8201_8401,1.1005800313425569,1.1005800313425569,0.0
ICRP145_RESIZED,Male,RLung + LLung,Lungs,9700_9900,1060.6968515359013,1060.6968515359013,0.0
ICRP145_RESIZED,Male,Stomach wall,St-wall,7200_7201_7202_7203,171.89931918877897,171.89931918877897,0.0
ICRP145_RESIZED,Male,Stem cells of stomach,St-stem,7201,1.0554677357504934,1.0554677357504934,0.0
ICRP145_RESIZED,Male,Breast-a + Breast-g,Breast,6200_6300_6400_6500,22.942430878073644,22.942430878073644,0.0
ICRP145_RESIZED,Male,ROvary + LOvary,Ovaries,11100_11200,0.0,0.0,
ICRP145_RESIZED,Male,Testes,Testes,12900_13000,31.775315784325727,31.775315784325727,0.0
ICRP145_RESIZED,Male,Urinary bladder wall,UB-wall,13700_13701,45.21454868857473,45.21454868857473,0.0
ICRP145_RESIZED,Male,Urinary bladder basal cells,UB-basal,13701,1.8323037463906737,1.8323037463906737,0.0
ICRP145_RESIZED,Male,Oesophagus wall,Oesophagus,11000_11001_11002,45.8503239154361,45.8503239154361,0.0
ICRP145_RESIZED,Male,Oesophagus basal cells,Oesophagus-bas,11001,0.09120915065870157,0.09120915065870157,0.0
ICRP145_RESIZED,Male,Liver,Liver,9500,2088.232684650478,2088.232684650478,0.0
ICRP145_RESIZED,Male,Thyroid,Thyroid,13200,20.661579089271694,20.661579089271694,0.0
ICRP145_RESIZED,Male,50-um endosteal region,Endost-BS,1400_1500_1700_2000_2100_2300_2500_2700_2900_3000_3200_3500_3600_3800_4000_4200_4400_4600_4800_5000_5200_5400_5600,4711.58202829455,4711.58202829455,0.0
ICRP145_RESIZED,Male,Brain,Brain,6100,1449.5416681878035,1449.5416681878035,0.0
ICRP145_RESIZED,Male,Salivary glands,S-glands,12000_12100,81.3769264876669,81.3769264876669,0.0
ICRP145_RESIZED,Male,Skin,Skin,12200_12201,3176.4670101954403,3176.4670101954403,0.0
ICRP145_RESIZED,Male,Basal cells of skin,Skin-bas,12201,93.69861922226112,93.69861922226112,0.0
ICRP145_RESIZED,Male,RAdrenal + LAdrenal,Adrenals,100_200,15.365753900045197,15.365753900045197,0.0
ICRP145_RESIZED,Male,ET region,ET,300_301_302_303_401_402_403_404_405,37.963907543051505,37.963907543051505,0.0
ICRP145_RESIZED,Male,Gallbladder wall,GB-wall,7000,9.170194617739174,9.170194617739174,0.0
ICRP145_RESIZED,Male,Heart wall,Ht-wall,8700,341.40731112772846,341.40731112772846,0.0
ICRP145_RESIZED,Male,RKidney + LKidney,Kidneys,8900_9000_9100_9200_9300_9400,373.5335986508672,373.5335986508672,0.0
ICRP145_RESIZED,Male,Systemic lymph nodes,LN-Sys,10200_10300_10400_10500,139.32095807552173,139.32095807552173,0.0
ICRP145_RESIZED,Male,Muscle,Muscle,10600,26267.36323333447,26267.36323333447,0.0
ICRP145_RESIZED,Male,Oral mucosa,O-mucosa,500_501_600,0.12250422558229317,0.12250422558229317,0.0
ICRP145_RESIZED,Male,Pancreas,Pancreas,11300,153.6366754934898,153.6366754934898,0.0
ICRP145_RESIZED,Male,Prostate,Prostate,11500,15.589316664667244,15.589316664667244,0.0
ICRP145_RESIZED,Male,Small intestine wall,SI-wall,7400_7401_7402_7403,763.2666712941111,763.2666712941111,0.0
ICRP145_RESIZED,Male,Stem cells of small intestine,SI-stem,7401,2.0036706624923166,2.0036706624923166,0.0
ICRP145_RESIZED,Male,Spleen,Spleen,12700,202.09844362466902,202.09844362466902,0.0
ICRP145_RESIZED,Male,Thymus,Thymus,13100,22.925457109594,22.925457109594,0.0
ICRP145_RESIZED,Male,Uterus/cervix,Uterus,13900,0.0,0.0,
ICRP145_RESIZED,Male,Tongue,Tongue,500_13300_13301,69.83176720910029,69.83176720910029,0.0
ICRP145_RESIZED,Male,Tonsils,Tonsils,13400,2.900397931324652,2.900397931324652,0.0
ICRP145_RESIZED,Male,Right colon wall (ascending + right transverse),RC-wall,7600_7601_7602_7800_7801_7802,176.86413096017506,176.86413096017506,0.0
ICRP145_RESIZED,Male,Left colon wall (left transverse + descending),LC-wall,8000_8001_8002_8200_8201_8202,176.86415374530185,176.86415374530185,0.0
ICRP145_RESIZED,Male,Rectosigmoid colon wall (sigmoid + rectum),RS-wall,8400_8401_8402_8600,82.53472630837805,82.53472630837805,0.0
ICRP145_RESIZED,Male,Stem cells of right colon (ascending + right transverse),RC-stem,7601_7801,0.453006606283195,0.453006606283195,0.0
ICRP145_RESIZED,Male,Stem cells of left colon (left transverse + descending),LC-stem,8001_8201,0.36127799667279303,0.36127799667279303,0.0
ICRP145_RESIZED,Male,Stem cells of rectosigmoid colon (sigmoid + rectum),RSig-stem,8401,0.28629542838656874,0.28629542838656874,0.0
ICRP145_RESIZED,Male,Basal cells of anterior nasal passages,ET1-bas,302,0.026311444646383204,0.026311444646383204,0.0
ICRP145_RESIZED,Male,Basal cells of posterior nasal passages + pharynx,ET2-bas,402,0.0902278602647502,0.0902278602647502,0.0
ICRP145_RESIZED,Male,Extrathoracic lymph nodes,LN-ET,10000,14.81599759293954,14.81599759293954,0.0
ICRP145_RESIZED,Male,Bronchi basal cells,Bronch-bas,804_805,0.06948528104251393,0.06948528104251393,0.0
ICRP145_RESIZED,Male,Bronchi secretory cells,Bronch-sec,803_804,0.13853603928044378,0.13853603928044378,0.0
ICRP145_RESIZED,Male,Bronchiolar secretory cells,Brchiol-sec,813,0.0,0.0,
ICRP145_RESIZED,Male,Alveolar-interstitium,AI,9700_9900,1060.6968515359013,1060.6968515359013,0.0
ICRP145_RESIZED,Male,Thoracic lymph nodes,LN-Th,10100,14.112556659780322,14.112556659780322,0.0
ICRP145_RESIZED,Male,Right lung lobe,RLung,9900,577.6807739263216,577.6807739263216,0.0
ICRP145_RESIZED,Male,Left lung lobe,LLung,9700,483.01607760957955,483.01607760957955,0.0
ICRP145_RESIZED,Male,Right adrenal gland,RAdrenal,200,7.682878120561571,7.682878120561571,0.0
ICRP145_RESIZED,Male,Left adrenal gland,LAdrenal,100,7.682875779483626,7.682875779483626,0.0
ICRP145_RESIZED,Male,Right breast adipose,RBreast-a,6400,6.8876813723224775,6.8876813723224775,0.0
ICRP145_RESIZED,Male,Right breast glandular,RBreast-g,6500,4.5836158899336334,4.5836158899336334,0.0
ICRP145_RESIZED,Male,Left breast adipose,LBreast-a,6200,6.887520596157155,6.887520596157155,0.0
ICRP145_RESIZED,Male,Left breast glandular,LBreast-g,6300,4.58361301966038,4.58361301966038,0.0
ICRP145_RESIZED,Male,RBreast-a + RBreast-g,RBreast,6400_6500,11.471297262256112,11.471297262256112,0.0
ICRP145_RESIZED,Male,LBreast-a + LBreast-g,LBreast,6200_6300,11.471133615817536,11.471133615817536,0.0
ICRP145_RESIZED,Male,RBreast-a + LBreast-a,Breast-a,6200_6400,13.775201968479632,13.775201968479632,0.0
ICRP145_RESIZED,Male,RBreast-g + LBreast-g,Breast-g,6300_6500,9.167228909594012,9.167228909594012,0.0
ICRP145_RESIZED,Male,Entire lens of eye,Lens-ent,6600_6601_6800_6801,0.43190108842848085,0.43190108842848085,0.0
ICRP145_RESIZED,Male,Sensitive lens of eye,Lens-sen,6600_6800,0.07361677337481601,0.07361677337481601,0.0
ICRP145_RESIZED,Male,Right kidney cortex,RKidney-C,9200,147.36370239894558,147.36370239894558,0.0
ICRP145_RESIZED,Male,Right kidney medulla,RKidney-M,9300,34.82936822852215,34.82936822852215,0.0
ICRP145_RESIZED,Male,Right kidney pelvis,RKidney-P,9400,6.9836222854053345,6.9836222854053345,0.0
ICRP145_RESIZED,Male,Right kidney C+M+P,RKidney,9200_9300_9400,189.17669291287308,189.17669291287308,0.0
ICRP145_RESIZED,Male,Left kidney cortex,LKidney-C,8900,143.6442636351903,143.6442636351903,0.0
ICRP145_RESIZED,Male,Left kidney medulla,LKidney-M,9000,33.94199459608314,33.94199459608314,0.0
ICRP145_RESIZED,Male,Left kidney pelvis,LKidney-P,9100,6.770647506720763,6.770647506720763,0.0
ICRP145_RESIZED,Male,Left kidney C+M+P,LKidney,8900_9000_9100,184.3569057379942,184.3569057379942,0.0
ICRP145_RESIZED,Male,Right ovary,ROvary,11200,0.0,0.0,
ICRP145_RESIZED,Male,Left ovary,LOvary,11100,0.0,0.0,
ICRP145_RESIZED,Male,Pituitary gland,P-gland,11400,0.587518741194832,0.587518741194832,0.0
ICRP145_RESIZED,Male,Spinal cord,Sp-cord,12600,33.88678693897573,33.88678693897573,0.0
ICRP145_RESIZED,Male,Ureters,Ureters,13500_13600,14.672290289421289,14.672290289421289,0.0
ICRP145_RESIZED,Male,Adipose/residual tissue,Adipose,11600,15614.359488339216,15614.359488339216,0.0
ICRP145_RESIZED,Female,Red (active) marrow,R-marrow,1400_2500_2700_2900_4000_4200_4400_4600_4800_5000_5200_5400_5600,2204.9766058317623,2204.9766058317623,0.0
ICRP145_RESIZED,Female,Colon wall,Colon,7600_7601_7602_7800_7801_7802_8000_8001_8002_8200_8201_8202_8400_8401_8402_8600,401.0345610872907,401.0345610872907,0.0
ICRP145_RESIZED,Female,Stem cells of colon,Colon-stem,7601_7801_8001_8201_8401,1.1344543758218655,1.1344543758218655,0.0
ICRP145_RESIZED,Female,RLung + LLung,Lungs,9700_9900,845.9578457139596,845.9578457139596,0.0
ICRP145_RESIZED,Female,Stomach wall,St-wall,7200_7201_7202_7203,153.9769319589917,153.9769319589917,0.0
ICRP145_RESIZED,Female,Stem cells of stomach,St-stem,7201,0.9296354936216783,0.9296354936216783,0.0
ICRP145_RESIZED,Female,Breast-a + Breast-g,Breast,6200_6300_6400_6500,476.8714862982818,476.8714862982818,0.0
ICRP145_RESIZED,Female,ROvary + LOvary,Ovaries,11100_11200,11.255302700275433,11.255302700275433,0.0
ICRP145_RESIZED,Female,Testes,Testes,12900_13000,0.0,0.0,
ICRP145_RESIZED,Female,Urinary bladder wall,UB-wall,13700_13701,36.34437311593107,36.34437311593107,0.0
ICRP145_RESIZED,Female,Urinary bladder basal cells,UB-basal,13701,2.012106842758913,2.012106842758913,0.0
ICRP145_RESIZED,Female,Oesophagus wall,Oesophagus,11000_11001_11002,38.521281497043816,38.521281497043816,0.0
ICRP145_RESIZED,Female,Oesophagus basal cells,Oesophagus-bas,11001,0.08969558132206938,0.08969558132206938,0.0
ICRP145_RESIZED,Female,Liver,Liver,9500,1612.1569298984964,1612.1569298984964,0.0
ICRP145_RESIZED,Female,Thyroid,Thyroid,13200,17.328734464969504,17.328734464969504,0.0
ICRP145_RESIZED,Female,50-um endosteal region,Endost-BS,1400_1500_1700_2000_2100_2300_2500_2700_2900_3000_3200_3500_3600_3800_4000_4200_4400_4600_4800_5000_5200_5400_5600,3514.0907208442095,3514.0907208442095,0.0
ICRP145_RESIZED,Female,Brain,Brain,6100,1276.255611476403,1276.255611476403,0.0
ICRP145_RESIZED,Female,Salivary glands,S-glands,12000_12100,66.0234703117623,66.0234703117623,0.0
ICRP145_RESIZED,Female,Skin,Skin,12200_12201,2241.707054377586,2241.707054377586,0.0
ICRP145_RESIZED,Female,Basal cells of skin,Skin-bas,12201,82.17758190275877,82.17758190275877,0.0
ICRP145_RESIZED,Female,RAdrenal + LAdrenal,Adrenals,100_200,13.774666369145372,13.774666369145372,0.0
ICRP145_RESIZED,Female,ET region,ET,300_301_302_303_401_402_403_404_405,17.573824654762333,17.573824654762333,0.0
ICRP145_RESIZED,Female,Gallbladder wall,GB-wall,7000,7.304689191881326,7.304689191881326,0.0
ICRP145_RESIZED,Female,Heart wall,Ht-wall,8700,259.09406587698584,259.09406587698584,0.0
ICRP145_RESIZED,Female,RKidney + LKidney,Kidneys,8900_9000_9100_9200_9300_9400,317.8932589000766,317.8932589000766,0.0
ICRP145_RESIZED,Female,Systemic lymph nodes,LN-Sys,10200_10300_10400_10500,111.51267145240888,111.51267145240888,0.0
ICRP145_RESIZED,Female,Muscle,Muscle,10600,15824.543639820877,15824.543639820877,0.0
ICRP145_RESIZED,Female,Oral mucosa,O-mucosa,500_501_600,0.09258048618279907,0.09258048618279907,0.0
ICRP145_RESIZED,Female,Pancreas,Pancreas,11300,128.75133062298374,128.75133062298374,0.0
ICRP145_RESIZED,Female,Prostate,Prostate,11500,0.0,0.0,
ICRP145_RESIZED,Female,Small intestine wall,SI-wall,7400_7401_7402_7403,673.1431398073083,673.1431398073083,0.0
ICRP145_RESIZED,Female,Stem cells of small intestine,SI-stem,7401,1.7115965627327447,1.7115965627327447,0.0
ICRP145_RESIZED,Female,Spleen,Spleen,12700,166.9161382670743,166.9161382670743,0.0
ICRP145_RESIZED,Female,Thymus,Thymus,13100,18.2617220785338,18.2617220785338,0.0
ICRP145_RESIZED,Female,Uterus/cervix,Uterus,13900,73.03085942050788,73.03085942050788,0.0
ICRP145_RESIZED,Female,Tongue,Tongue,500_13300_13301,56.35691970188359,56.35691970188359,0.0
ICRP145_RESIZED,Female,Tonsils,Tonsils,13400,2.8321214487124466,2.8321214487124466,0.0
ICRP145_RESIZED,Female,Right colon wall (ascending + right transverse),RC-wall,7600_7601_7602_7800_7801_7802,161.52803497488043,161.52803497488043,0.0
ICRP145_RESIZED,Female,Left colon wall (left transverse + descending),LC-wall,8000_8001_8002_8200_8201_8202,161.5226770036315,161.5226770036315,0.0
ICRP145_RESIZED,Female,Rectosigmoid colon wall (sigmoid + rectum),RS-wall,8400_8401_8402_8600,77.98384910877874,77.98384910877874,0.0
ICRP145_RESIZED,Female,Stem cells of right colon (ascending + right transverse),RC-stem,7601_7801,0.5239121420211996,0.5239121420211996,0.0
ICRP145_RESIZED,Female,Stem cells of left colon (left transverse + descending),LC-stem,8001_8201,0.3380582850684867,0.3380582850684867,0.0
ICRP145_RESIZED,Female,Stem cells of rectosigmoid colon (sigmoid + rectum),RSig-stem,8401,0.2724839487321792,0.2724839487321792,0.0
ICRP145_RESIZED,Female,Basal cells of anterior nasal passages,ET1-bas,302,0.010078703608281862,0.010078703608281862,0.0
ICRP145_RESIZED,Female,Basal cells of posterior nasal passages + pharynx,ET2-bas,402,0.0665560994452484,0.0665560994452484,0.0
ICRP145_RESIZED,Female,Extrathoracic lymph nodes,LN-ET,10000,11.730053672539896,11.730053672539896,0.0
ICRP145_RESIZED,Female,Bronchi basal cells,Bronch-bas,804_805,0.02849936082242499,0.02849936082242499,0.0
ICRP145_RESIZED,Female,Bronchi secretory cells,Bronch-sec,803_804,0.05671607192458314,0.05671607192458314,0.0
ICRP145_RESIZED,Female,Bronchiolar secretory cells,Brchiol-sec,813,0.0,0.0,
ICRP145_RESIZED,Female,Alveolar-interstitium,AI,9700_9900,845.9578457139596,845.9578457139596,0.0
ICRP145_RESIZED,Female,Thoracic lymph nodes,LN-Th,10100,11.307762833683439,11.307762833683439,0.0
ICRP145_RESIZED,Female,Right lung lobe,RLung,9900,465.4036237031395,465.4036237031395,0.0
ICRP145_RESIZED,Female,Left lung lobe,LLung,9700,380.55422201082007,380.55422201082007,0.0
ICRP145_RESIZED,Female,Right adrenal gland,RAdrenal,200,7.703218256794416,7.703218256794416,0.0
ICRP145_RESIZED,Female,Left adrenal gland,LAdrenal,100,6.071448112350957,6.071448112350957,0.0
ICRP145_RESIZED,Female,Right breast adipose,RBreast-a,6400,147.17322653384187,147.17322653384187,0.0
ICRP145_RESIZED,Female,Right breast glandular,RBreast-g,6500,91.2885780331,91.2885780331,0.0
ICRP145_RESIZED,Female,Left breast adipose,LBreast-a,6200,147.12110663808974,147.12110663808974,0.0
ICRP145_RESIZED,Female,Left breast glandular,LBreast-g,6300,91.28857509325019,91.28857509325019,0.0
ICRP145_RESIZED,Female,RBreast-a + RBreast-g,RBreast,6400_6500,238.46180456694185,238.46180456694185,0.0
ICRP145_RESIZED,Female,LBreast-a + LBreast-g,LBreast,6200_6300,238.40968173133993,238.40968173133993,0.0
ICRP145_RESIZED,Female,RBreast-a + LBreast-a,Breast-a,6200_6400,294.2943331719316,294.2943331719316,0.0
ICRP145_RESIZED,Female,RBreast-g + LBreast-g,Breast-g,6300_6500,182.5771531263502,182.5771531263502,0.0
ICRP145_RESIZED,Female,Entire lens of eye,Lens-ent,6600_6601_6800_6801,0.4250016647954176,0.4250016647954176,0.0
ICRP145_RESIZED,Female,Sensitive lens of eye,Lens-sen,6600_6800,0.07244058439860024,0.07244058439860024,0.0
ICRP145_RESIZED,Female,Right kidney cortex,RKidney-C,9200,111.46747823643939,111.46747823643939,0.0
ICRP145_RESIZED,Female,Right kidney medulla,RKidney-M,9300,28.00323397048926,28.00323397048926,0.0
ICRP145_RESIZED,Female,Right kidney pelvis,RKidney-P,9400,5.604213010212043,5.604213010212043,0.0
ICRP145_RESIZED,Female,Right kidney C+M+P,RKidney,9200_9300_9400,145.0749252171407,145.0749252171407,0.0
ICRP145_RESIZED,Female,Left kidney cortex,LKidney-C,8900,132.7946008488992,132.7946008488992,0.0
ICRP145_RESIZED,Female,Left kidney medulla,LKidney-M,9000,33.34864965330282,33.34864965330282,0.0
ICRP145_RESIZED,Female,Left kidney pelvis,LKidney-P,9100,6.675083180733894,6.675083180733894,0.0
ICRP145_RESIZED,Female,Left kidney C+M+P,LKidney,8900_9000_9100,172.81833368293593,172.81833368293593,0.0
ICRP145_RESIZED,Female,Right ovary,ROvary,11200,5.627653310417494,5.627653310417494,0.0
ICRP145_RESIZED,Female,Left ovary,LOvary,11100,5.62764938985794,5.62764938985794,0.0
ICRP145_RESIZED,Female,Pituitary gland,P-gland,11400,0.5736272725586633,0.5736272725586633,0.0
ICRP145_RESIZED,Female,Spinal cord,Sp-cord,12600,17.139528814037053,17.139528814037053,0.0
ICRP145_RESIZED,Female,Ureters,Ureters,13500_13600,13.696295484507871,13.696295484507871,0.0
ICRP145_RESIZED,Female,Adipose/residual tissue,Adipose,11600,22170.762514499675,22170.762514499675,0.0
FILIPINO,Male,Red (active) marrow,R-marrow,1400_2500_2700_2900_4000_4200_4400_4600_4800_5000_5200_5400_5600,2896.3451151058944,2859.1120670614087,-1.2855183538141457
FILIPINO,Male,Colon wall,Colon,7600_7601_7602_7800_7801_7802_8000_8001_8002_8200_8201_8202_8400_8401_8402_8600,436.26301101385485,424.3884426636921,-2.7218829124584283
FILIPINO,Male,Stem cells of colon,Colon-stem,7601_7801_8001_8201_8401,1.1005800313425569,1.0709786615794417,-2.689615377357484
FILIPINO,Male,RLung + LLung,Lungs,9700_9900,1060.6968515359013,1027.427229742184,-3.1365815544321176
FILIPINO,Male,Stomach wall,St-wall,7200_7201_7202_7203,171.89931918877897,168.88471492054234,-1.7537034366762179
FILIPINO,Male,Stem cells of stomach,St-stem,7201,1.0554677357504934,1.0369533350971911,-1.754141791945683
FILIPINO,Male,Breast-a + Breast-g,Breast,6200_6300_6400_6500,22.942430878073644,22.089116784282446,-3.7193708823885814
FILIPINO,Male,ROvary + LOvary,Ovaries,11100_11200,0.0,0.0,
FILIPINO,Male,Testes,Testes,12900_13000,31.775315784325727,30.801938560203837,-3.063312511915435
FILIPINO,Male,Urinary bladder wall,UB-wall,13700_13701,45.21454868857473,43.91382318244302,-2.876785335381204
FILIPINO,Male,Urinary bladder basal cells,UB-basal,13701,1.8323037463906737,1.7795907267037234,-2.8768712496924143
FILIPINO,Male,Oesophagus wall,Oesophagus,11000_11001_11002,45.8503239154361,44.61722122390645,-2.6894088988420695
FILIPINO,Male,Oesophagus basal cells,Oesophagus-bas,11001,0.09120915065870157,0.08875562398853762,-2.690000567316847
FILIPINO,Male,Liver,Liver,9500,2088.232684650478,1714.8044647374893,-17.8825004827224
FILIPINO,Male,Thyroid,Thyroid,13200,20.661579089271694,13.516445353956518,-34.58174084586405
FILIPINO,Male,50-um endosteal region,Endost-BS,1400_1500_1700_2000_2100_2300_2500_2700_2900_3000_3200_3500_3600_3800_4000_4200_4400_4600_4800_5000_5200_5400_5600,4711.58202829455,4621.220834348408,-1.9178525048167236
FILIPINO,Male,Brain,Brain,6100,1449.5416681878035,1391.6147899765806,-3.9962202869022883
FILIPINO,Male,Salivary glands,S-glands,12000_12100,81.3769264876669,80.41508939028955,-1.1819530902572568
FILIPINO,Male,Skin,Skin,12200_12201,3176.4670101954403,3113.2423865288056,-1.9904070611690254
FILIPINO,Male,Basal cells of skin,Skin-bas,12201,93.69861922226112,91.83380330053728,-1.9902277506356087
FILIPINO,Male,RAdrenal + LAdrenal,Adrenals,100_200,15.365753900045197,14.679117280437527,-4.4686165356693
FILIPINO,Male,ET region,ET,300_301_302_303_401_402_403_404_405,37.963907543051505,38.58706235245503,1.6414401196632844
FILIPINO,Male,Gallbladder wall,GB-wall,7000,9.170194617739174,7.5230347071523855,-17.962104178252222
FILIPINO,Male,Heart wall,Ht-wall,8700,341.40731112772846,274.13833721282447,-19.70343683991498
FILIPINO,Male,RKidney + LKidney,Kidneys,8900_9000_9100_9200_9300_9400,373.5335986508672,350.4991562909965,-6.166631982522255
FILIPINO,Male,Systemic lymph nodes,LN-Sys,10200_10300_10400_10500,139.32095807552173,135.05200671810803,-3.0641128344090394
FILIPINO,Male,Muscle,Muscle,10600,26267.36323333447,25243.229679941676,-3.8988822147672617
FILIPINO,Male,Oral mucosa,O-mucosa,500_501_600,0.12250422558229317,0.11776211058337147,-3.870980757097353
FILIPINO,Male,Pancreas,Pancreas,11300,153.6366754934898,115.54004356001296,-24.796574002339142
FILIPINO,Male,Prostate,Prostate,11500,15.589316664667244,19.110672228884365,22.588261178876277
FILIPINO,Male,Small intestine wall,SI-wall,7400_7401_7402_7403,763.2666712941111,742.7096885402216,-2.69328971472518
FILIPINO,Male,Stem cells of small intestine,SI-stem,7401,2.0036706624923166,1.9497948676766843,-2.688854801547952
FILIPINO,Male,Spleen,Spleen,12700,202.09844362466902,194.00079158830843,-4.006785946060671
FILIPINO,Male,Thymus,Thymus,13100,22.925457109594,22.22297070977168,-3.0642198167047163
FILIPINO,Male,Uterus/cervix,Uterus,13900,0.0,0.0,
FILIPINO,Male,Tongue,Tongue,500_13300_13301,69.83176720910029,67.11231122770631,-3.8942963783960853
FILIPINO,Male,Tonsils,Tonsils,13400,2.900397931324652,2.9480052201522913,1.6414054193555576
FILIPINO,Male,Right colon wall (ascending + right transverse),RC-wall,7600_7601_7602_7800_7801_7802,176.86413096017506,172.10755199697888,-2.6893971871929345
FILIPINO,Male,Left colon wall (left transverse + descending),LC-wall,8000_8001_8002_8200_8201_8202,176.86415374530185,172.1075840069229,-2.689391624957974
FILIPINO,Male,Rectosigmoid colon wall (sigmoid + rectum),RS-wall,8400_8401_8402_8600,82.53472630837805,80.17330665979026,-2.8611225289155553
FILIPINO,Male,Stem cells of right colon (ascending + right transverse),RC-stem,7601_7801,0.453006606283195,0.44082442521438137,-2.689183976535212
FILIPINO,Male,Stem cells of left colon (left transverse + descending),LC-stem,8001_8201,0.36127799667279303,0.3515585371833573,-2.6902993204533856
FILIPINO,Male,Stem cells of rectosigmoid colon (sigmoid + rectum),RSig-stem,8401,0.28629542838656874,0.2785956991817028,-2.6894349128304738
FILIPINO,Male,Basal cells of anterior nasal passages,ET1-bas,302,0.026311444646383204,0.02674445354528913,1.645705527482123
FILIPINO,Male,Basal cells of posterior nasal passages + pharynx,ET2-bas,402,0.0902278602647502,0.09171705682984466,1.6504841860649198
FILIPINO,Male,Extrathoracic lymph nodes,LN-ET,10000,14.81599759293954,14.362016208112978,-3.0641297150514117
FILIPINO,Male,Bronchi basal cells,Bronch-bas,804_805,0.06948528104251393,0.07062629711691945,1.6420975166055642
FILIPINO,Male,Bronchi secretory cells,Bronch-sec,803_804,0.13853603928044378,0.1408095936902708,1.641128490200715
FILIPINO,Male,Bronchiolar secretory cells,Brchiol-sec,813,0.0,0.0,
FILIPINO,Male,Alveolar-interstitium,AI,9700_9900,1060.6968515359013,1027.427229742184,-3.1365815544321176
FILIPINO,Male,Thoracic lymph nodes,LN-Th,10100,14.112556659780322,13.680132656353313,-3.0641081828878214
FILIPINO,Male,Right lung lobe,RLung,9900,577.6807739263216,559.9017914195127,-3.0776482980332793
FILIPINO,Male,Left lung lobe,LLung,9700,483.01607760957955,467.5254383226713,-3.2070649415171877
FILIPINO,Male,Right adrenal gland,RAdrenal,200,7.682878120561571,7.339559914050722,-4.468614510388131
FILIPINO,Male,Left adrenal gland,LAdrenal,100,7.682875779483626,7.339557366386806,-4.468618560951074
FILIPINO,Male,Right breast adipose,RBreast-a,6400,6.8876813723224775,6.732193969063989,-2.257470908618113
FILIPINO,Male,Right breast glandular,RBreast-g,6500,4.5836158899336334,4.3124424283883425,-5.916147165403455
FILIPINO,Male,Left breast adipose,LBreast-a,6200,6.887520596157155,6.732042454204267,-2.2573891399996113
FILIPINO,Male,Left breast glandular,LBreast-g,6300,4.58361301966038,4.31243793262585,-5.916186333169589
FILIPINO,Male,RBreast-a + RBreast-g,RBreast,6400_6500,11.471297262256112,11.044636397452331,-3.7193776348871923
FILIPINO,Male,LBreast-a + LBreast-g,LBreast,6200_6300,11.471133615817536,11.044480386830116,-3.719364129793654
FILIPINO,Male,RBreast-a + LBreast-a,Breast-a,6200_6400,13.775201968479632,13.464236423268256,-2.257430024786034
FILIPINO,Male,RBreast-g + LBreast-g,Breast-g,6300_6500,9.167228909594012,8.624880361014192,-5.916166749280391
FILIPINO,Male,Entire lens of eye,Lens-ent,6600_6601_6800_6801,0.43190108842848085,0.42500380073613037,-1.5969600163424031
FILIPINO,Male,Sensitive lens of eye,Lens-sen,6600_6800,0.07361677337481601,0.07244115642089013,-1.596941702321399
FILIPINO,Male,Right kidney cortex,RKidney-C,9200,147.36370239894558,132.58426491034197,-10.02922514025364
FILIPINO,Male,Right kidney medulla,RKidney-M,9300,34.82936822852215,31.336256883614453,-10.02921247950501
FILIPINO,Male,Right kidney pelvis,RKidney-P,9400,6.9836222854053345,6.283219472932138,-10.029219563276321
FILIPINO,Male,Right kidney C+M+P,RKidney,9200_9300_9400,189.17669291287308,170.20374126688856,-10.029222603401083
FILIPINO,Male,Left kidney cortex,LKidney-C,8900,143.6442636351903,140.47969457574854,-2.2030598224783526
FILIPINO,Male,Left kidney medulla,LKidney-M,9000,33.94199459608314,33.19423558226249,-2.2030497108939446
FILIPINO,Male,Left kidney pelvis,LKidney-P,9100,6.770647506720763,6.621484866096854,-2.203077925351237
FILIPINO,Male,Left kidney C+M+P,LKidney,8900_9000_9100,184.3569057379942,180.2954150241079,-2.203058625673848
FILIPINO,Male,Right ovary,ROvary,11200,0.0,0.0,
FILIPINO,Male,Left ovary,LOvary,11100,0.0,0.0,
FILIPINO,Male,Pituitary gland,P-gland,11400,0.587518741194832,0.5971625833320849,1.6414526824523565
FILIPINO,Male,Spinal cord,Sp-cord,12600,33.88678693897573,32.848423958086556,-3.064211967806474
FILIPINO,Male,Ureters,Ureters,13500_13600,14.672290289421289,14.913121319711475,1.6414003917563258
FILIPINO,Male,Adipose/residual tissue,Adipose,11600,15614.359488339216,16326.10872032889,4.558299253460938
FILIPINO,Female,Red (active) marrow,R-marrow,1400_2500_2700_2900_4000_4200_4400_4600_4800_5000_5200_5400_5600,2204.9766058317623,2259.8379226224533,2.488067975215375
FILIPINO,Female,Colon wall,Colon,7600_7601_7602_7800_7801_7802_8000_8001_8002_8200_8201_8202_8400_8401_8402_8600,401.0345610872907,407.5362219689782,1.6212220872086798
FILIPINO,Female,Stem cells of colon,Colon-stem,7601_7801_8001_8201_8401,1.1344543758218655,1.1530590951982487,1.6399707007084212
FILIPINO,Female,RLung + LLung,Lungs,9700_9900,845.9578457139596,833.5313434164643,-1.4689268928060766
FILIPINO,Female,Stomach wall,St-wall,7200_7201_7202_7203,153.9769319589917,156.33129857508015,1.529038529430807
FILIPINO,Female,Stem cells of stomach,St-stem,7201,0.9296354936216783,0.9541424047073794,2.6361849621540365
FILIPINO,Female,Breast-a + Breast-g,Breast,6200_6300_6400_6500,476.8714862982818,489.12437442146023,2.569431906757846
FILIPINO,Female,ROvary + LOvary,Ovaries,11100_11200,11.255302700275433,11.27659241028099,0.18915270937170625
FILIPINO,Female,Testes,Testes,12900_13000,0.0,0.0,
FILIPINO,Female,Urinary bladder wall,UB-wall,13700_13701,36.34437311593107,37.55587151685742,3.333386428380321
FILIPINO,Female,Urinary bladder basal cells,UB-basal,13701,2.012106842758913,2.0791756490302977,3.333262670058954
FILIPINO,Female,Oesophagus wall,Oesophagus,11000_11001_11002,38.521281497043816,39.156970824626235,1.6502289199054891
FILIPINO,Female,Oesophagus basal cells,Oesophagus-bas,11001,0.08969558132206938,0.09116519793572886,1.6384492881344221
FILIPINO,Female,Liver,Liver,9500,1612.1569298984964,1520.675208207552,-5.67449235210025
FILIPINO,Female,Thyroid,Thyroid,13200,17.328734464969504,10.31559865205495,-40.47113669547995
FILIPINO,Female,50-um endosteal region,Endost-BS,1400_1500_1700_2000_2100_2300_2500_2700_2900_3000_3200_3500_3600_3800_4000_4200_4400_4600_4800_5000_5200_5400_5600,3514.0907208442095,3572.8579888707905,1.6723321250073748
FILIPINO,Female,Brain,Brain,6100,1276.255611476403,1273.9255386320347,-0.18257101660636588
FILIPINO,Female,Salivary glands,S-glands,12000_12100,66.0234703117623,70.07766716555967,6.140538863912324
FILIPINO,Female,Skin,Skin,12200_12201,2241.707054377586,2297.193323052279,2.475179286532564
FILIPINO,Female,Basal cells of skin,Skin-bas,12201,82.17758190275877,84.21138654649137,2.4748898624678537
FILIPINO,Female,RAdrenal + LAdrenal,Adrenals,100_200,13.774666369145372,10.152853444174474,-26.2932896370078
FILIPINO,Female,ET region,ET,300_301_302_303_401_402_403_404_405,17.573824654762333,18.652491566949546,6.137917803196613
FILIPINO,Female,Gallbladder wall,GB-wall,7000,7.304689191881326,6.74984845781629,-7.595678878188333
FILIPINO,Female,Heart wall,Ht-wall,8700,259.09406587698584,218.36101865551518,-15.721335447647853
FILIPINO,Female,RKidney + LKidney,Kidneys,8900_9000_9100_9200_9300_9400,317.8932589000766,291.5487351591537,-8.287223149077152
FILIPINO,Female,Systemic lymph nodes,LN-Sys,10200_10300_10400_10500,111.51267145240888,114.89602196488684,3.0340502728623977
FILIPINO,Female,Muscle,Muscle,10600,15824.543639820877,15869.575306390981,0.2845685006472295
FILIPINO,Female,Oral mucosa,O-mucosa,500_501_600,0.09258048618279907,0.09287761467821279,0.3209407377998004
FILIPINO,Female,Pancreas,Pancreas,11300,128.75133062298374,100.27894158831756,-22.11424837079198
FILIPINO,Female,Prostate,Prostate,11500,0.0,0.0,
FILIPINO,Female,Small intestine wall,SI-wall,7400_7401_7402_7403,673.1431398073083,684.196221828198,1.6420106463617308
FILIPINO,Female,Stem cells of small intestine,SI-stem,7401,1.7115965627327447,1.7396635379681362,1.639812549668807
FILIPINO,Female,Spleen,Spleen,12700,166.9161382670743,151.20879530729437,-9.410320130128694
FILIPINO,Female,Thymus,Thymus,13100,18.2617220785338,19.382607877709,6.137897589038285
FILIPINO,Female,Uterus/cervix,Uterus,13900,73.03085942050788,51.43397802708195,-29.57226789441463
FILIPINO,Female,Tongue,Tongue,500_13300_13301,56.35691970188359,56.517373644041285,0.28471027693930495
FILIPINO,Female,Tonsils,Tonsils,13400,2.8321214487124466,3.005954741799077,6.137918031928298
FILIPINO,Female,Right colon wall (ascending + right transverse),RC-wall,7600_7601_7602_7800_7801_7802,161.52803497488043,164.17671346906067,1.639763954654774
FILIPINO,Female,Left colon wall (left transverse + descending),LC-wall,8000_8001_8002_8200_8201_8202,161.5226770036315,164.17127338695718,1.639767512809454
FILIPINO,Female,Rectosigmoid colon wall (sigmoid + rectum),RS-wall,8400_8401_8402_8600,77.98384910877874,79.1882351129603,1.5444044093047704
FILIPINO,Female,Stem cells of right colon (ascending + right transverse),RC-stem,7601_7801,0.5239121420211996,0.5325026744165602,1.6396895025603269
FILIPINO,Female,Stem cells of left colon (left transverse + descending),LC-stem,8001_8201,0.3380582850684867,0.3436044577006617,1.640596570810699
FILIPINO,Female,Stem cells of rectosigmoid colon (sigmoid + rectum),RSig-stem,8401,0.2724839487321792,0.2769519630810269,1.6397348796641391
FILIPINO,Female,Basal cells of anterior nasal passages,ET1-bas,302,0.010078703608281862,0.010697262329727782,6.137284570385013
FILIPINO,Female,Basal cells of posterior nasal passages + pharynx,ET2-bas,402,0.0665560994452484,0.07063967180354462,6.135534372256179
FILIPINO,Female,Extrathoracic lymph nodes,LN-ET,10000,11.730053672539896,12.085946043982402,3.0340216795056234
FILIPINO,Female,Bronchi basal cells,Bronch-bas,804_805,0.02849936082242499,0.030251685776044826,6.148646506629728
FILIPINO,Female,Bronchi secretory cells,Bronch-sec,803_804,0.05671607192458314,0.06019824092936272,6.1396512251587385
FILIPINO,Female,Bronchiolar secretory cells,Brchiol-sec,813,0.0,0.0,
FILIPINO,Female,Alveolar-interstitium,AI,9700_9900,845.9578457139596,833.5313434164643,-1.4689268928060766
FILIPINO,Female,Thoracic lymph nodes,LN-Th,10100,11.307762833683439,11.650846617681132,3.0340553568714697
FILIPINO,Female,Right lung lobe,RLung,9900,465.4036237031395,452.94317126896544,-2.677343234895399
FILIPINO,Female,Left lung lobe,LLung,9700,380.55422201082007,380.5881721474989,0.008921235060649523
FILIPINO,Female,Right adrenal gland,RAdrenal,200,7.703218256794416,4.097004458301134,-46.81437911112694
FILIPINO,Female,Left adrenal gland,LAdrenal,100,6.071448112350957,6.0558489858733395,-0.25692596212565527
FILIPINO,Female,Right breast adipose,RBreast-a,6400,147.17322653384187,153.2097315772018,4.101632603652859
FILIPINO,Female,Right breast glandular,RBreast-g,6500,91.2885780331,91.37957860708529,0.09968451250527983
FILIPINO,Female,Left breast adipose,LBreast-a,6200,147.12110663808974,153.15548664647378,4.101641257517382
FILIPINO,Female,Left breast glandular,LBreast-g,6300,91.28857509325019,91.37957759069934,0.099686622730386
FILIPINO,Female,RBreast-a + RBreast-g,RBreast,6400_6500,238.46180456694185,244.58931018428711,2.569596262375482
FILIPINO,Female,LBreast-a + LBreast-g,LBreast,6200_6300,238.40968173133993,244.53506423717312,2.5692675152076174
FILIPINO,Female,RBreast-a + LBreast-a,Breast-a,6200_6400,294.2943331719316,306.3652182236756,4.101636929818815
FILIPINO,Female,RBreast-g + LBreast-g,Breast-g,6300_6500,182.5771531263502,182.75915619778465,0.09968556761781593
FILIPINO,Female,Entire lens of eye,Lens-ent,6600_6601_6800_6801,0.4250016647954176,0.4511637161092015,6.155752666610715
FILIPINO,Female,Sensitive lens of eye,Lens-sen,6600_6800,0.07244058439860024,0.0768998109956942,6.155702130393268
FILIPINO,Female,Right kidney cortex,RKidney-C,9200,111.46747823643939,111.82956197293886,0.32483352295046714
FILIPINO,Female,Right kidney medulla,RKidney-M,9300,28.00323397048926,21.714308396409145,-22.457854620318475
FILIPINO,Female,Right kidney pelvis,RKidney-P,9400,5.604213010212043,4.345626974674415,-22.45785506803939
FILIPINO,Female,Right kidney C+M+P,RKidney,9200_9300_9400,145.0749252171407,137.88949734402243,-4.952908204063171
FILIPINO,Female,Left kidney cortex,LKidney-C,8900,132.7946008488992,125.64313539796738,-5.385358595316032
FILIPINO,Female,Left kidney medulla,LKidney-M,9000,33.34864965330282,23.34362812513591,-30.001279308699154
FILIPINO,Female,Left kidney pelvis,LKidney-P,9100,6.675083180733894,4.672474292028006,-30.001257429809456
FILIPINO,Female,Left kidney C+M+P,LKidney,8900_9000_9100,172.81833368293593,153.6592378151313,-11.086263511228616
FILIPINO,Female,Right ovary,ROvary,11200,5.627653310417494,5.638298869418686,0.1891651531107286
FILIPINO,Female,Left ovary,LOvary,11100,5.62764938985794,5.638293540862303,0.18914026562398323
FILIPINO,Female,Pituitary gland,P-gland,11400,0.5736272725586633,0.6067660241616125,5.7770530078065985
FILIPINO,Female,Spinal cord,Sp-cord,12600,17.139528814037053,18.191534588084412,6.1378920357821025
FILIPINO,Female,Ureters,Ureters,13500_13600,13.696295484507871,14.536958015983316,6.137882556829573
FILIPINO,Female,Adipose/residual tissue,Adipose,11600,22170.762514499675,22844.22969252125,3.03763651602478
