Spongiosa ID,Energy Low (MeV),Energy High (MeV),Energy Center (MeV),Fluence (photons/m2/source)
1400,0.01,0.0107151930524,0.0103514216668,6.74811301529e-06
1400,0.0107151930524,0.011481536215,0.0110917481526,3.86080100184e-06
1400,0.011481536215,0.0123026877081,0.0118850222744,4.08159702874e-06
1400,0.0123026877081,0.0131825673856,0.0127350308102,0
1400,0.0131825673856,0.0141253754462,0.0136458313659,0
1400,0.0141253754462,0.0151356124844,0.0146217717446,2.55634813123e-05
1400,0.0151356124844,0.0162181009736,0.0156675107011,0
1400,0.0162181009736,0.0173780082875,0.0167880401812,7.65110392912e-05
1400,0.0173780082875,0.0186208713666,0.0179887091513,0
1400,0.0186208713666,0.0199526231497,0.0192752491319,0
1400,0.0199526231497,0.021379620895,0.0206538015581,7.68625087915e-05
1400,0.021379620895,0.0229086765277,0.0221309470961,2.17006323448e-05
1400,0.0229086765277,0.0245470891569,0.0237137370566,0
1400,0.0245470891569,0.026302679919,0.0254097270555,6.27708569826e-06
1400,0.026302679919,0.0281838293126,0.0272270130808,0.000120029319833
1400,0.0281838293126,0.030199517204,0.02917427014,0.000234574579855
1400,0.030199517204,0.032359365693,0.0312607936712,0.000259587865214
1400,0.032359365693,0.0346736850453,0.0334965439158,0.000191210413014
1400,0.0346736850453,0.0371535229097,0.0358921934645,0.00100089798391
1400,0.0371535229097,0.0398107170553,0.0384591782045,0.00173176884065
1400,0.0398107170553,0.0426579518802,0.0412097519097,0.0031991994396
1400,0.0426579518802,0.0457088189615,0.0441570447353,0.00485185241857
1400,0.0457088189615,0.0489778819368,0.0473151258961,0.00656132985028
1400,0.0489778819368,0.052480746025,0.0506990708275,0.00840427141515
1400,0.052480746025,0.056234132519,0.0543250331492,0.0108602181453
1400,0.056234132519,0.0602559586074,0.0582103217771,0.014810024026
1400,0.0602559586074,0.0645654229035,0.0623734835482,0.0171464776242
1400,0.0645654229035,0.0691830970919,0.0668343917569,0.0179346519934
1400,0.0691830970919,0.0741310241301,0.0716143410213,0.0172468636334
1400,0.0741310241301,0.0794328234724,0.0767361489362,0.0217445467495
1400,0.0794328234724,0.0851138038202,0.0822242649947,0.0207959088415
1400,0.0851138038202,0.0912010839356,0.0881048873008,0.0265640046282
1400,0.0912010839356,0.0977237220956,0.0944060876286,0.0207044275897
1400,0.0977237220956,0.104712854805,0.101157945426,0.024051901398
1400,0.104712854805,0.11220184543,0.108392691402,0.0210269576357
1400,0.11220184543,0.120226443462,0.116144861384,0.0259330122554
1400,0.120226443462,0.128824955169,0.124451461177,0.0290205292542
1400,0.128824955169,0.13803842646,0.133352143216,0.0216803741264
1400,0.13803842646,0.147910838817,0.142889395851,0.0288685549502
1400,0.147910838817,0.158489319246,0.153108746168,0.0218699262707
1400,0.158489319246,0.169824365246,0.16405897732,0.0247843440994
1400,0.169824365246,0.181970085861,0.175792361396,0.023522973948
1400,0.181970085861,0.194984459976,0.188364908949,0.0237223181388
1400,0.194984459976,0.208929613085,0.201836636368,0.0303643235988
1400,0.208929613085,0.223872113857,0.216271852373,0.033772086228
1400,0.223872113857,0.239883291902,0.231739464997,0.0322756860101
1400,0.239883291902,0.257039578277,0.24831331053,0.0261770628522
1400,0.257039578277,0.275422870334,0.26607250598,0.0294730373573
1400,0.275422870334,0.295120922667,0.28510182675,0.0246065941453
1400,0.295120922667,0.316227766017,0.305492111322,0.0239426066044
1400,0.316227766017,0.338844156139,0.327340694879,0.0264555242637
1400,0.338844156139,0.36307805477,0.350751873953,0.0197093986773
1400,0.36307805477,0.389045144994,0.375837404288,0.0170158883799
1400,0.389045144994,0.41686938347,0.402717034325,0.0250974518077
1400,0.41686938347,0.446683592151,0.431519076828,0.0224768906584
1400,0.446683592151,0.478630092323,0.462381021399,0.0196889985406
1400,0.478630092323,0.512861383991,0.495450190805,0.0257010597823
1400,0.512861383991,0.549540873858,0.530884444231,0.021544987092
1400,0.549540873858,0.588843655356,0.568852930844,0.0246431789711
1400,0.588843655356,0.63095734448,0.60953689724,0.0239932842362
1400,0.63095734448,0.676082975392,0.653130552647,0.0261606362699
1400,0.676082975392,0.724435960075,0.699841996002,0.0294438248745
1400,0.724435960075,0.776247116629,0.749894209332,0.0274464912759
1400,0.776247116629,0.831763771103,0.803526122186,0.0269606970044
1400,0.831763771103,0.891250938134,0.860993752185,0.0260881048728
1400,0.891250938134,0.954992586021,0.922571427155,0.0314115854221
1400,0.954992586021,1.02329299228,0.988553094657,0.305534002743
1400,1.02329299228,1.09647819614,1.05925372518,0
1400,1.09647819614,1.17489755494,1.13501081567,0
1400,1.17489755494,1.25892541179,1.21618600065,0
1400,1.25892541179,1.34896288259,1.30316677845,0
1400,1.34896288259,1.44543977075,1.39636836106,0
1400,1.44543977075,1.54881661891,1.49623565609,0
1400,1.54881661891,1.65958690744,1.60324539069,0
1400,1.65958690744,1.77827941004,1.71790838716,0
1400,1.77827941004,1.90546071796,1.84077200147,0
1400,1.90546071796,2.04173794467,1.97242273611,0
1400,2.04173794467,2.18776162395,2.11348903984,0
1400,2.18776162395,2.34422881532,2.26464430759,0
1400,2.34422881532,2.51188643151,2.42661009508,0
1400,2.51188643151,2.69153480393,2.60015956317,0
1400,2.69153480393,2.88403150313,2.78612116863,0
1400,2.88403150313,3.09029543251,2.98538261892,0
1400,3.09029543251,3.31131121483,3.19889510969,0
1400,3.31131121483,3.54813389234,3.42767786546,0
1400,3.54813389234,3.80189396321,3.67282300498,0
1400,3.80189396321,4.07380277804,3.93550075456,0
1400,4.07380277804,4.3651583224,4.21696503429,0
1400,4.3651583224,4.67735141287,4.51855944375,0
1400,4.67735141287,5.01187233627,4.84172367584,0
1400,5.01187233627,5.3703179637,5.18800038929,0
1400,5.3703179637,5.75439937337,5.5590425727,0
1400,5.75439937337,6.16595001861,5.95662143529,0
1400,6.16595001861,6.60693448008,6.38263486191,0
1400,6.60693448008,7.07945784384,6.83911647281,0
1400,7.07945784384,7.58577575029,7.32824533139,0
1400,7.58577575029,8.12830516164,7.8523563461,0
1400,8.12830516164,8.70963589956,8.41395141645,0
1400,8.70963589956,9.33254300797,9.01571137606,0
1400,9.33254300797,10,9.6605087899,0
2500,0.01,0.0107151930524,0.0103514216668,0
2500,0.0107151930524,0.011481536215,0.0110917481526,0
2500,0.011481536215,0.0123026877081,0.0118850222744,0
2500,0.0123026877081,0.0131825673856,0.0127350308102,2.52545967872e-06
2500,0.0131825673856,0.0141253754462,0.0136458313659,0
2500,0.0141253754462,0.0151356124844,0.0146217717446,0
2500,0.0151356124844,0.0162181009736,0.0156675107011,0
2500,0.0162181009736,0.0173780082875,0.0167880401812,0
2500,0.0173780082875,0.0186208713666,0.0179887091513,0
2500,0.0186208713666,0.0199526231497,0.0192752491319,0
2500,0.0199526231497,0.021379620895,0.0206538015581,0
2500,0.021379620895,0.0229086765277,0.0221309470961,0
2500,0.0229086765277,0.0245470891569,0.0237137370566,0
2500,0.0245470891569,0.026302679919,0.0254097270555,0
2500,0.026302679919,0.0281838293126,0.0272270130808,0.000117068731311
2500,0.0281838293126,0.030199517204,0.02917427014,0.000369975679506
2500,0.030199517204,0.032359365693,0.0312607936712,0.000156953202832
2500,0.032359365693,0.0346736850453,0.0334965439158,0.00138773155738
2500,0.0346736850453,0.0371535229097,0.0358921934645,0.00324225927428
2500,0.0371535229097,0.0398107170553,0.0384591782045,0.00366032993847
2500,0.0398107170553,0.0426579518802,0.0412097519097,0.00554565777993
2500,0.0426579518802,0.0457088189615,0.0441570447353,0.00913074174319
2500,0.0457088189615,0.0489778819368,0.0473151258961,0.00742485865289
2500,0.0489778819368,0.052480746025,0.0506990708275,0.0112853655488
2500,0.052480746025,0.056234132519,0.0543250331492,0.0137979842433
2500,0.056234132519,0.0602559586074,0.0582103217771,0.0197650952459
2500,0.0602559586074,0.0645654229035,0.0623734835482,0.0203228835287
2500,0.0645654229035,0.0691830970919,0.0668343917569,0.0178276578556
2500,0.0691830970919,0.0741310241301,0.0716143410213,0.0283227622479
2500,0.0741310241301,0.0794328234724,0.0767361489362,0.0237502936373
2500,0.0794328234724,0.0851138038202,0.0822242649947,0.0278356577903
2500,0.0851138038202,0.0912010839356,0.0881048873008,0.0345990647812
2500,0.0912010839356,0.0977237220956,0.0944060876286,0.0277675407555
2500,0.0977237220956,0.104712854805,0.101157945426,0.0279458704236
2500,0.104712854805,0.11220184543,0.108392691402,0.0305362220656
2500,0.11220184543,0.120226443462,0.116144861384,0.0291293626999
2500,0.120226443462,0.128824955169,0.124451461177,0.0335021706451
2500,0.128824955169,0.13803842646,0.133352143216,0.0359576447785
2500,0.13803842646,0.147910838817,0.142889395851,0.0402849790371
2500,0.147910838817,0.158489319246,0.153108746168,0.0377448332264
2500,0.158489319246,0.169824365246,0.16405897732,0.0270304036845
2500,0.169824365246,0.181970085861,0.175792361396,0.0294405393785
2500,0.181970085861,0.194984459976,0.188364908949,0.0313814430572
2500,0.194984459976,0.208929613085,0.201836636368,0.0353737014584
2500,0.208929613085,0.223872113857,0.216271852373,0.0333455379887
2500,0.223872113857,0.239883291902,0.231739464997,0.0404300259688
2500,0.239883291902,0.257039578277,0.24831331053,0.0306310096061
2500,0.257039578277,0.275422870334,0.26607250598,0.0349185068394
2500,0.275422870334,0.295120922667,0.28510182675,0.035356017755
2500,0.295120922667,0.316227766017,0.305492111322,0.0303481119732
2500,0.316227766017,0.338844156139,0.327340694879,0.0239311330719
2500,0.338844156139,0.36307805477,0.350751873953,0.0301115990427
2500,0.36307805477,0.389045144994,0.375837404288,0.0291141704112
2500,0.389045144994,0.41686938347,0.402717034325,0.0295953581605
2500,0.41686938347,0.446683592151,0.431519076828,0.0228651782015
2500,0.446683592151,0.478630092323,0.462381021399,0.0263797849954
2500,0.478630092323,0.512861383991,0.495450190805,0.0323429455349
2500,0.512861383991,0.549540873858,0.530884444231,0.0269835950145
2500,0.549540873858,0.588843655356,0.568852930844,0.0291307905617
2500,0.588843655356,0.63095734448,0.60953689724,0.0311556144402
2500,0.63095734448,0.676082975392,0.653130552647,0.0256166244113
2500,0.676082975392,0.724435960075,0.699841996002,0.0311473291216
2500,0.724435960075,0.776247116629,0.749894209332,0.0269071467023
2500,0.776247116629,0.831763771103,0.803526122186,0.0318219142323
2500,0.831763771103,0.891250938134,0.860993752185,0.0303695857468
2500,0.891250938134,0.954992586021,0.922571427155,0.0324179617793
2500,0.954992586021,1.02329299228,0.988553094657,0.423241885351
2500,1.02329299228,1.09647819614,1.05925372518,0
2500,1.09647819614,1.17489755494,1.13501081567,0
2500,1.17489755494,1.25892541179,1.21618600065,0
2500,1.25892541179,1.34896288259,1.30316677845,0
2500,1.34896288259,1.44543977075,1.39636836106,0
2500,1.44543977075,1.54881661891,1.49623565609,0
2500,1.54881661891,1.65958690744,1.60324539069,0
2500,1.65958690744,1.77827941004,1.71790838716,0
2500,1.77827941004,1.90546071796,1.84077200147,0
2500,1.90546071796,2.04173794467,1.97242273611,0
2500,2.04173794467,2.18776162395,2.11348903984,0
2500,2.18776162395,2.34422881532,2.26464430759,0
2500,2.34422881532,2.51188643151,2.42661009508,0
2500,2.51188643151,2.69153480393,2.60015956317,0
2500,2.69153480393,2.88403150313,2.78612116863,0
2500,2.88403150313,3.09029543251,2.98538261892,0
2500,3.09029543251,3.31131121483,3.19889510969,0
2500,3.31131121483,3.54813389234,3.42767786546,0
2500,3.54813389234,3.80189396321,3.67282300498,0
2500,3.80189396321,4.07380277804,3.93550075456,0
2500,4.07380277804,4.3651583224,4.21696503429,0
2500,4.3651583224,4.67735141287,4.51855944375,0
2500,4.67735141287,5.01187233627,4.84172367584,0
2500,5.01187233627,5.3703179637,5.18800038929,0
2500,5.3703179637,5.75439937337,5.5590425727,0
2500,5.75439937337,6.16595001861,5.95662143529,0
2500,6.16595001861,6.60693448008,6.38263486191,0
2500,6.60693448008,7.07945784384,6.83911647281,0
2500,7.07945784384,7.58577575029,7.32824533139,0
2500,7.58577575029,8.12830516164,7.8523563461,0
2500,8.12830516164,8.70963589956,8.41395141645,0
2500,8.70963589956,9.33254300797,9.01571137606,0
2500,9.33254300797,10,9.6605087899,0
2700,0.01,0.0107151930524,0.0103514216668,0
2700,0.0107151930524,0.011481536215,0.0110917481526,0
2700,0.011481536215,0.0123026877081,0.0118850222744,0
2700,0.0123026877081,0.0131825673856,0.0127350308102,0
2700,0.0131825673856,0.0141253754462,0.0136458313659,1.06718921115e-05
2700,0.0141253754462,0.0151356124844,0.0146217717446,0
2700,0.0151356124844,0.0162181009736,0.0156675107011,0
2700,0.0162181009736,0.0173780082875,0.0167880401812,0
2700,0.0173780082875,0.0186208713666,0.0179887091513,0
2700,0.0186208713666,0.0199526231497,0.0192752491319,0
2700,0.0199526231497,0.021379620895,0.0206538015581,1.19282790679e-05
2700,0.021379620895,0.0229086765277,0.0221309470961,2.68124049198e-05
2700,0.0229086765277,0.0245470891569,0.0237137370566,0
2700,0.0245470891569,0.026302679919,0.0254097270555,0
2700,0.026302679919,0.0281838293126,0.0272270130808,0
2700,0.0281838293126,0.030199517204,0.02917427014,0
2700,0.030199517204,0.032359365693,0.0312607936712,2.80545491818e-05
2700,0.032359365693,0.0346736850453,0.0334965439158,0.000170109058108
2700,0.0346736850453,0.0371535229097,0.0358921934645,0.000356744752491
2700,0.0371535229097,0.0398107170553,0.0384591782045,0.000341016236472
2700,0.0398107170553,0.0426579518802,0.0412097519097,0.000539105774925
2700,0.0426579518802,0.0457088189615,0.0441570447353,0.000867752252258
2700,0.0457088189615,0.0489778819368,0.0473151258961,0.00112460711533
2700,0.0489778819368,0.052480746025,0.0506990708275,0.00102809181042
2700,0.052480746025,0.056234132519,0.0543250331492,0.00161547262044
2700,0.056234132519,0.0602559586074,0.0582103217771,0.00126088658772
2700,0.0602559586074,0.0645654229035,0.0623734835482,0.0019946651189
2700,0.0645654229035,0.0691830970919,0.0668343917569,0.00228056305545
2700,0.0691830970919,0.0741310241301,0.0716143410213,0.00224750435386
2700,0.0741310241301,0.0794328234724,0.0767361489362,0.00238289034275
2700,0.0794328234724,0.0851138038202,0.0822242649947,0.00331698911658
2700,0.0851138038202,0.0912010839356,0.0881048873008,0.00330523856269
2700,0.0912010839356,0.0977237220956,0.0944060876286,0.0035528946344
2700,0.0977237220956,0.104712854805,0.101157945426,0.00434542135834
2700,0.104712854805,0.11220184543,0.108392691402,0.00398875000636
2700,0.11220184543,0.120226443462,0.116144861384,0.00403924891314
2700,0.120226443462,0.128824955169,0.124451461177,0.00451482505992
2700,0.128824955169,0.13803842646,0.133352143216,0.00383002596637
2700,0.13803842646,0.147910838817,0.142889395851,0.00405456866869
2700,0.147910838817,0.158489319246,0.153108746168,0.003729421028
2700,0.158489319246,0.169824365246,0.16405897732,0.00397984257046
2700,0.169824365246,0.181970085861,0.175792361396,0.00403899923311
2700,0.181970085861,0.194984459976,0.188364908949,0.00421846709407
2700,0.194984459976,0.208929613085,0.201836636368,0.00469263094054
2700,0.208929613085,0.223872113857,0.216271852373,0.00509245860968
2700,0.223872113857,0.239883291902,0.231739464997,0.00484834633472
2700,0.239883291902,0.257039578277,0.24831331053,0.00432112043196
2700,0.257039578277,0.275422870334,0.26607250598,0.00542566911383
2700,0.275422870334,0.295120922667,0.28510182675,0.00452931949973
2700,0.295120922667,0.316227766017,0.305492111322,0.00370352001277
2700,0.316227766017,0.338844156139,0.327340694879,0.00450033546843
2700,0.338844156139,0.36307805477,0.350751873953,0.00365100517373
2700,0.36307805477,0.389045144994,0.375837404288,0.00541857309174
2700,0.389045144994,0.41686938347,0.402717034325,0.00498220427902
2700,0.41686938347,0.446683592151,0.431519076828,0.00526754582396
2700,0.446683592151,0.478630092323,0.462381021399,0.00572379770397
2700,0.478630092323,0.512861383991,0.495450190805,0.00519464023991
2700,0.512861383991,0.549540873858,0.530884444231,0.00499899044377
2700,0.549540873858,0.588843655356,0.568852930844,0.00629249124312
2700,0.588843655356,0.63095734448,0.60953689724,0.00522099712638
2700,0.63095734448,0.676082975392,0.653130552647,0.0061075406474
2700,0.676082975392,0.724435960075,0.699841996002,0.00544909739138
2700,0.724435960075,0.776247116629,0.749894209332,0.00526456806179
2700,0.776247116629,0.831763771103,0.803526122186,0.0070607947712
2700,0.831763771103,0.891250938134,0.860993752185,0.0071817674677
2700,0.891250938134,0.954992586021,0.922571427155,0.0065002602576
2700,0.954992586021,1.02329299228,0.988553094657,0.0505383937159
2700,1.02329299228,1.09647819614,1.05925372518,0
2700,1.09647819614,1.17489755494,1.13501081567,0
2700,1.17489755494,1.25892541179,1.21618600065,0
2700,1.25892541179,1.34896288259,1.30316677845,0
2700,1.34896288259,1.44543977075,1.39636836106,0
2700,1.44543977075,1.54881661891,1.49623565609,0
2700,1.54881661891,1.65958690744,1.60324539069,0
2700,1.65958690744,1.77827941004,1.71790838716,0
2700,1.77827941004,1.90546071796,1.84077200147,0
2700,1.90546071796,2.04173794467,1.97242273611,0
2700,2.04173794467,2.18776162395,2.11348903984,0
2700,2.18776162395,2.34422881532,2.26464430759,0
2700,2.34422881532,2.51188643151,2.42661009508,0
2700,2.51188643151,2.69153480393,2.60015956317,0
2700,2.69153480393,2.88403150313,2.78612116863,0
2700,2.88403150313,3.09029543251,2.98538261892,0
2700,3.09029543251,3.31131121483,3.19889510969,0
2700,3.31131121483,3.54813389234,3.42767786546,0
2700,3.54813389234,3.80189396321,3.67282300498,0
2700,3.80189396321,4.07380277804,3.93550075456,0
2700,4.07380277804,4.3651583224,4.21696503429,0
2700,4.3651583224,4.67735141287,4.51855944375,0
2700,4.67735141287,5.01187233627,4.84172367584,0
2700,5.01187233627,5.3703179637,5.18800038929,0
2700,5.3703179637,5.75439937337,5.5590425727,0
2700,5.75439937337,6.16595001861,5.95662143529,0
2700,6.16595001861,6.60693448008,6.38263486191,0
2700,6.60693448008,7.07945784384,6.83911647281,0
2700,7.07945784384,7.58577575029,7.32824533139,0
2700,7.58577575029,8.12830516164,7.8523563461,0
2700,8.12830516164,8.70963589956,8.41395141645,0
2700,8.70963589956,9.33254300797,9.01571137606,0
2700,9.33254300797,10,9.6605087899,0
2900,0.01,0.0107151930524,0.0103514216668,2.0835485054e-06
2900,0.0107151930524,0.011481536215,0.0110917481526,4.59039239618e-06
2900,0.011481536215,0.0123026877081,0.0118850222744,0
2900,0.0123026877081,0.0131825673856,0.0127350308102,0
2900,0.0131825673856,0.0141253754462,0.0136458313659,0
2900,0.0141253754462,0.0151356124844,0.0146217717446,0
2900,0.0151356124844,0.0162181009736,0.0156675107011,0
2900,0.0162181009736,0.0173780082875,0.0167880401812,3.71541868879e-05
2900,0.0173780082875,0.0186208713666,0.0179887091513,0
2900,0.0186208713666,0.0199526231497,0.0192752491319,0
2900,0.0199526231497,0.021379620895,0.0206538015581,0
2900,0.021379620895,0.0229086765277,0.0221309470961,0
2900,0.0229086765277,0.0245470891569,0.0237137370566,0
2900,0.0245470891569,0.026302679919,0.0254097270555,0
2900,0.026302679919,0.0281838293126,0.0272270130808,3.13271917434e-05
2900,0.0281838293126,0.030199517204,0.02917427014,8.02758961156e-05
2900,0.030199517204,0.032359365693,0.0312607936712,0.000351265928188
2900,0.032359365693,0.0346736850453,0.0334965439158,0.000412098199838
2900,0.0346736850453,0.0371535229097,0.0358921934645,0.00033641497301
2900,0.0371535229097,0.0398107170553,0.0384591782045,0.00134255956756
2900,0.0398107170553,0.0426579518802,0.0412097519097,0.00160658775005
2900,0.0426579518802,0.0457088189615,0.0441570447353,0.00165716536996
2900,0.0457088189615,0.0489778819368,0.0473151258961,0.00224839144868
2900,0.0489778819368,0.052480746025,0.0506990708275,0.0032717278926
2900,0.052480746025,0.056234132519,0.0543250331492,0.00325205659152
2900,0.056234132519,0.0602559586074,0.0582103217771,0.00362214734606
2900,0.0602559586074,0.0645654229035,0.0623734835482,0.00379950552098
2900,0.0645654229035,0.0691830970919,0.0668343917569,0.00351364735912
2900,0.0691830970919,0.0741310241301,0.0716143410213,0.00492019184057
2900,0.0741310241301,0.0794328234724,0.0767361489362,0.00501117067402
2900,0.0794328234724,0.0851138038202,0.0822242649947,0.00624983086836
2900,0.0851138038202,0.0912010839356,0.0881048873008,0.00487436254221
2900,0.0912010839356,0.0977237220956,0.0944060876286,0.0067482298028
2900,0.0977237220956,0.104712854805,0.101157945426,0.00676054800489
2900,0.104712854805,0.11220184543,0.108392691402,0.00500471285677
2900,0.11220184543,0.120226443462,0.116144861384,0.006221063303
2900,0.120226443462,0.128824955169,0.124451461177,0.00578911234404
2900,0.128824955169,0.13803842646,0.133352143216,0.00665290945297
2900,0.13803842646,0.147910838817,0.142889395851,0.00685218474281
2900,0.147910838817,0.158489319246,0.153108746168,0.00522178713976
2900,0.158489319246,0.169824365246,0.16405897732,0.00515529844981
2900,0.169824365246,0.181970085861,0.175792361396,0.00624461206467
2900,0.181970085861,0.194984459976,0.188364908949,0.00514348994678
2900,0.194984459976,0.208929613085,0.201836636368,0.00538277516401
2900,0.208929613085,0.223872113857,0.216271852373,0.00681449115266
2900,0.223872113857,0.239883291902,0.231739464997,0.00594147569018
2900,0.239883291902,0.257039578277,0.24831331053,0.00450858109621
2900,0.257039578277,0.275422870334,0.26607250598,0.00551567208171
2900,0.275422870334,0.295120922667,0.28510182675,0.00499124396729
2900,0.295120922667,0.316227766017,0.305492111322,0.00607145669795
2900,0.316227766017,0.338844156139,0.327340694879,0.00409243562114
2900,0.338844156139,0.36307805477,0.350751873953,0.00336694850365
2900,0.36307805477,0.389045144994,0.375837404288,0.00464549891374
2900,0.389045144994,0.41686938347,0.402717034325,0.00521495152352
2900,0.41686938347,0.446683592151,0.431519076828,0.0049873982303
2900,0.446683592151,0.478630092323,0.462381021399,0.00479831890303
2900,0.478630092323,0.512861383991,0.495450190805,0.00404970393769
2900,0.512861383991,0.549540873858,0.530884444231,0.00401191519327
2900,0.549540873858,0.588843655356,0.568852930844,0.00708571803881
2900,0.588843655356,0.63095734448,0.60953689724,0.00516553520129
2900,0.63095734448,0.676082975392,0.653130552647,0.0055880991723
2900,0.676082975392,0.724435960075,0.699841996002,0.00611706999047
2900,0.724435960075,0.776247116629,0.749894209332,0.00678699763702
2900,0.776247116629,0.831763771103,0.803526122186,0.00527322467649
2900,0.831763771103,0.891250938134,0.860993752185,0.00595889427109
2900,0.891250938134,0.954992586021,0.922571427155,0.00737773344403
2900,0.954992586021,1.02329299228,0.988553094657,0.0347650412857
2900,1.02329299228,1.09647819614,1.05925372518,0
2900,1.09647819614,1.17489755494,1.13501081567,0
2900,1.17489755494,1.25892541179,1.21618600065,0
2900,1.25892541179,1.34896288259,1.30316677845,0
2900,1.34896288259,1.44543977075,1.39636836106,0
2900,1.44543977075,1.54881661891,1.49623565609,0
2900,1.54881661891,1.65958690744,1.60324539069,0
2900,1.65958690744,1.77827941004,1.71790838716,0
2900,1.77827941004,1.90546071796,1.84077200147,0
2900,1.90546071796,2.04173794467,1.97242273611,0
2900,2.04173794467,2.18776162395,2.11348903984,0
2900,2.18776162395,2.34422881532,2.26464430759,0
2900,2.34422881532,2.51188643151,2.42661009508,0
2900,2.51188643151,2.69153480393,2.60015956317,0
2900,2.69153480393,2.88403150313,2.78612116863,0
2900,2.88403150313,3.09029543251,2.98538261892,0
2900,3.09029543251,3.31131121483,3.19889510969,0
2900,3.31131121483,3.54813389234,3.42767786546,0
2900,3.54813389234,3.80189396321,3.67282300498,0
2900,3.80189396321,4.07380277804,3.93550075456,0
2900,4.07380277804,4.3651583224,4.21696503429,0
2900,4.3651583224,4.67735141287,4.51855944375,0
2900,4.67735141287,5.01187233627,4.84172367584,0
2900,5.01187233627,5.3703179637,5.18800038929,0
2900,5.3703179637,5.75439937337,5.5590425727,0
2900,5.75439937337,6.16595001861,5.95662143529,0
2900,6.16595001861,6.60693448008,6.38263486191,0
2900,6.60693448008,7.07945784384,6.83911647281,0
2900,7.07945784384,7.58577575029,7.32824533139,0
2900,7.58577575029,8.12830516164,7.8523563461,0
2900,8.12830516164,8.70963589956,8.41395141645,0
2900,8.70963589956,9.33254300797,9.01571137606,0
2900,9.33254300797,10,9.6605087899,0
4000,0.01,0.0107151930524,0.0103514216668,0
4000,0.0107151930524,0.011481536215,0.0110917481526,0
4000,0.011481536215,0.0123026877081,0.0118850222744,0
4000,0.0123026877081,0.0131825673856,0.0127350308102,0
4000,0.0131825673856,0.0141253754462,0.0136458313659,2.43767075409e-05
4000,0.0141253754462,0.0151356124844,0.0146217717446,0
4000,0.0151356124844,0.0162181009736,0.0156675107011,0
4000,0.0162181009736,0.0173780082875,0.0167880401812,0
4000,0.0173780082875,0.0186208713666,0.0179887091513,0
4000,0.0186208713666,0.0199526231497,0.0192752491319,1.87250741435e-05
4000,0.0199526231497,0.021379620895,0.0206538015581,0
4000,0.021379620895,0.0229086765277,0.0221309470961,0
4000,0.0229086765277,0.0245470891569,0.0237137370566,0
4000,0.0245470891569,0.026302679919,0.0254097270555,0
4000,0.026302679919,0.0281838293126,0.0272270130808,4.04123742639e-05
4000,0.0281838293126,0.030199517204,0.02917427014,0.000336205650579
4000,0.030199517204,0.032359365693,0.0312607936712,0.000388162338449
4000,0.032359365693,0.0346736850453,0.0334965439158,0.000387654072326
4000,0.0346736850453,0.0371535229097,0.0358921934645,0.000463173569972
4000,0.0371535229097,0.0398107170553,0.0384591782045,0.000748778669878
4000,0.0398107170553,0.0426579518802,0.0412097519097,0.00110892857293
4000,0.0426579518802,0.0457088189615,0.0441570447353,0.00173243537013
4000,0.0457088189615,0.0489778819368,0.0473151258961,0.00151291676154
4000,0.0489778819368,0.052480746025,0.0506990708275,0.00281343660835
4000,0.052480746025,0.056234132519,0.0543250331492,0.00579034599596
4000,0.056234132519,0.0602559586074,0.0582103217771,0.00505275758848
4000,0.0602559586074,0.0645654229035,0.0623734835482,0.00820717364658
4000,0.0645654229035,0.0691830970919,0.0668343917569,0.00733577051594
4000,0.0691830970919,0.0741310241301,0.0716143410213,0.00875377923119
4000,0.0741310241301,0.0794328234724,0.0767361489362,0.0117073727347
4000,0.0794328234724,0.0851138038202,0.0822242649947,0.00933800858834
4000,0.0851138038202,0.0912010839356,0.0881048873008,0.00595450428643
4000,0.0912010839356,0.0977237220956,0.0944060876286,0.00850188434581
4000,0.0977237220956,0.104712854805,0.101157945426,0.0138284550476
4000,0.104712854805,0.11220184543,0.108392691402,0.0100644366868
4000,0.11220184543,0.120226443462,0.116144861384,0.0147639241562
4000,0.120226443462,0.128824955169,0.124451461177,0.0104558291441
4000,0.128824955169,0.13803842646,0.133352143216,0.0125071758842
4000,0.13803842646,0.147910838817,0.142889395851,0.00839592038487
4000,0.147910838817,0.158489319246,0.153108746168,0.0121792997081
4000,0.158489319246,0.169824365246,0.16405897732,0.0104885809116
4000,0.169824365246,0.181970085861,0.175792361396,0.011111691411
4000,0.181970085861,0.194984459976,0.188364908949,0.0112113848111
4000,0.194984459976,0.208929613085,0.201836636368,0.0126265834993
4000,0.208929613085,0.223872113857,0.216271852373,0.0173927203414
4000,0.223872113857,0.239883291902,0.231739464997,0.0167792878206
4000,0.239883291902,0.257039578277,0.24831331053,0.0126861994306
4000,0.257039578277,0.275422870334,0.26607250598,0.0102255749546
4000,0.275422870334,0.295120922667,0.28510182675,0.0129778827916
4000,0.295120922667,0.316227766017,0.305492111322,0.0147049429595
4000,0.316227766017,0.338844156139,0.327340694879,0.0103295053937
4000,0.338844156139,0.36307805477,0.350751873953,0.0107867596537
4000,0.36307805477,0.389045144994,0.375837404288,0.0114135863514
4000,0.389045144994,0.41686938347,0.402717034325,0.0139796625475
4000,0.41686938347,0.446683592151,0.431519076828,0.0175804606686
4000,0.446683592151,0.478630092323,0.462381021399,0.012802436173
4000,0.478630092323,0.512861383991,0.495450190805,0.0142051129302
4000,0.512861383991,0.549540873858,0.530884444231,0.00968265391072
4000,0.549540873858,0.588843655356,0.568852930844,0.00947972393396
4000,0.588843655356,0.63095734448,0.60953689724,0.0128265330117
4000,0.63095734448,0.676082975392,0.653130552647,0.0164147574637
4000,0.676082975392,0.724435960075,0.699841996002,0.0190622308194
4000,0.724435960075,0.776247116629,0.749894209332,0.0155120806068
4000,0.776247116629,0.831763771103,0.803526122186,0.0144392723335
4000,0.831763771103,0.891250938134,0.860993752185,0.014808826834
4000,0.891250938134,0.954992586021,0.922571427155,0.018248378102
4000,0.954992586021,1.02329299228,0.988553094657,0.161766888066
4000,1.02329299228,1.09647819614,1.05925372518,0
4000,1.09647819614,1.17489755494,1.13501081567,0
4000,1.17489755494,1.25892541179,1.21618600065,0
4000,1.25892541179,1.34896288259,1.30316677845,0
4000,1.34896288259,1.44543977075,1.39636836106,0
4000,1.44543977075,1.54881661891,1.49623565609,0
4000,1.54881661891,1.65958690744,1.60324539069,0
4000,1.65958690744,1.77827941004,1.71790838716,0
4000,1.77827941004,1.90546071796,1.84077200147,0
4000,1.90546071796,2.04173794467,1.97242273611,0
4000,2.04173794467,2.18776162395,2.11348903984,0
4000,2.18776162395,2.34422881532,2.26464430759,0
4000,2.34422881532,2.51188643151,2.42661009508,0
4000,2.51188643151,2.69153480393,2.60015956317,0
4000,2.69153480393,2.88403150313,2.78612116863,0
4000,2.88403150313,3.09029543251,2.98538261892,0
4000,3.09029543251,3.31131121483,3.19889510969,0
4000,3.31131121483,3.54813389234,3.42767786546,0
4000,3.54813389234,3.80189396321,3.67282300498,0
4000,3.80189396321,4.07380277804,3.93550075456,0
4000,4.07380277804,4.3651583224,4.21696503429,0
4000,4.3651583224,4.67735141287,4.51855944375,0
4000,4.67735141287,5.01187233627,4.84172367584,0
4000,5.01187233627,5.3703179637,5.18800038929,0
4000,5.3703179637,5.75439937337,5.5590425727,0
4000,5.75439937337,6.16595001861,5.95662143529,0
4000,6.16595001861,6.60693448008,6.38263486191,0
4000,6.60693448008,7.07945784384,6.83911647281,0
4000,7.07945784384,7.58577575029,7.32824533139,0
4000,7.58577575029,8.12830516164,7.8523563461,0
4000,8.12830516164,8.70963589956,8.41395141645,0
4000,8.70963589956,9.33254300797,9.01571137606,0
4000,9.33254300797,10,9.6605087899,0
4200,0.01,0.0107151930524,0.0103514216668,2.62424709585e-06
4200,0.0107151930524,0.011481536215,0.0110917481526,6.70132290654e-07
4200,0.011481536215,0.0123026877081,0.0118850222744,1.0448217388e-05
4200,0.0123026877081,0.0131825673856,0.0127350308102,4.88128920986e-06
4200,0.0131825673856,0.0141253754462,0.0136458313659,1.86218665909e-06
4200,0.0141253754462,0.0151356124844,0.0146217717446,3.16337598796e-06
4200,0.0151356124844,0.0162181009736,0.0156675107011,0
4200,0.0162181009736,0.0173780082875,0.0167880401812,9.79330623827e-06
4200,0.0173780082875,0.0186208713666,0.0179887091513,0
4200,0.0186208713666,0.0199526231497,0.0192752491319,0
4200,0.0199526231497,0.021379620895,0.0206538015581,0
4200,0.021379620895,0.0229086765277,0.0221309470961,0
4200,0.0229086765277,0.0245470891569,0.0237137370566,3.87654725296e-06
4200,0.0245470891569,0.026302679919,0.0254097270555,4.48673698722e-05
4200,0.026302679919,0.0281838293126,0.0272270130808,6.12648690582e-05
4200,0.0281838293126,0.030199517204,0.02917427014,0.000436187258533
4200,0.030199517204,0.032359365693,0.0312607936712,0.000596931872946
4200,0.032359365693,0.0346736850453,0.0334965439158,0.000919041778181
4200,0.0346736850453,0.0371535229097,0.0358921934645,0.00242997950405
4200,0.0371535229097,0.0398107170553,0.0384591782045,0.00267846173948
4200,0.0398107170553,0.0426579518802,0.0412097519097,0.00442160752312
4200,0.0426579518802,0.0457088189615,0.0441570447353,0.00677613287498
4200,0.0457088189615,0.0489778819368,0.0473151258961,0.00758711820851
4200,0.0489778819368,0.052480746025,0.0506990708275,0.0102995894725
4200,0.052480746025,0.056234132519,0.0543250331492,0.0118703512799
4200,0.056234132519,0.0602559586074,0.0582103217771,0.0124066505532
4200,0.0602559586074,0.0645654229035,0.0623734835482,0.0143541924639
4200,0.0645654229035,0.0691830970919,0.0668343917569,0.0146886814231
4200,0.0691830970919,0.0741310241301,0.0716143410213,0.0146939410604
4200,0.0741310241301,0.0794328234724,0.0767361489362,0.0161726355802
4200,0.0794328234724,0.0851138038202,0.0822242649947,0.0179578717654
4200,0.0851138038202,0.0912010839356,0.0881048873008,0.0157964034295
4200,0.0912010839356,0.0977237220956,0.0944060876286,0.0175419646475
4200,0.0977237220956,0.104712854805,0.101157945426,0.0173924753258
4200,0.104712854805,0.11220184543,0.108392691402,0.0193311950175
4200,0.11220184543,0.120226443462,0.116144861384,0.0197525272409
4200,0.120226443462,0.128824955169,0.124451461177,0.0186801109444
4200,0.128824955169,0.13803842646,0.133352143216,0.0190917941512
4200,0.13803842646,0.147910838817,0.142889395851,0.0181387446638
4200,0.147910838817,0.158489319246,0.153108746168,0.019119057629
4200,0.158489319246,0.169824365246,0.16405897732,0.0176626236607
4200,0.169824365246,0.181970085861,0.175792361396,0.0153015182673
4200,0.181970085861,0.194984459976,0.188364908949,0.0161759451679
4200,0.194984459976,0.208929613085,0.201836636368,0.0173523035974
4200,0.208929613085,0.223872113857,0.216271852373,0.0171386968364
4200,0.223872113857,0.239883291902,0.231739464997,0.0174037732776
4200,0.239883291902,0.257039578277,0.24831331053,0.0163926770874
4200,0.257039578277,0.275422870334,0.26607250598,0.0149516712371
4200,0.275422870334,0.295120922667,0.28510182675,0.0152190259077
4200,0.295120922667,0.316227766017,0.305492111322,0.0140481825108
4200,0.316227766017,0.338844156139,0.327340694879,0.0149742390551
4200,0.338844156139,0.36307805477,0.350751873953,0.0151723363861
4200,0.36307805477,0.389045144994,0.375837404288,0.014173216779
4200,0.389045144994,0.41686938347,0.402717034325,0.0148664094737
4200,0.41686938347,0.446683592151,0.431519076828,0.0133964277108
4200,0.446683592151,0.478630092323,0.462381021399,0.014584101376
4200,0.478630092323,0.512861383991,0.495450190805,0.014823967681
4200,0.512861383991,0.549540873858,0.530884444231,0.0132594549021
4200,0.549540873858,0.588843655356,0.568852930844,0.0134140612131
4200,0.588843655356,0.63095734448,0.60953689724,0.01505968217
4200,0.63095734448,0.676082975392,0.653130552647,0.0154140119521
4200,0.676082975392,0.724435960075,0.699841996002,0.0144016632772
4200,0.724435960075,0.776247116629,0.749894209332,0.0157050563245
4200,0.776247116629,0.831763771103,0.803526122186,0.0180928628931
4200,0.831763771103,0.891250938134,0.860993752185,0.0170226148321
4200,0.891250938134,0.954992586021,0.922571427155,0.0171051870605
4200,0.954992586021,1.02329299228,0.988553094657,0.131282919834
4200,1.02329299228,1.09647819614,1.05925372518,0
4200,1.09647819614,1.17489755494,1.13501081567,0
4200,1.17489755494,1.25892541179,1.21618600065,0
4200,1.25892541179,1.34896288259,1.30316677845,0
4200,1.34896288259,1.44543977075,1.39636836106,0
4200,1.44543977075,1.54881661891,1.49623565609,0
4200,1.54881661891,1.65958690744,1.60324539069,0
4200,1.65958690744,1.77827941004,1.71790838716,0
4200,1.77827941004,1.90546071796,1.84077200147,0
4200,1.90546071796,2.04173794467,1.97242273611,0
4200,2.04173794467,2.18776162395,2.11348903984,0
4200,2.18776162395,2.34422881532,2.26464430759,0
4200,2.34422881532,2.51188643151,2.42661009508,0
4200,2.51188643151,2.69153480393,2.60015956317,0
4200,2.69153480393,2.88403150313,2.78612116863,0
4200,2.88403150313,3.09029543251,2.98538261892,0
4200,3.09029543251,3.31131121483,3.19889510969,0
4200,3.31131121483,3.54813389234,3.42767786546,0
4200,3.54813389234,3.80189396321,3.67282300498,0
4200,3.80189396321,4.07380277804,3.93550075456,0
4200,4.07380277804,4.3651583224,4.21696503429,0
4200,4.3651583224,4.67735141287,4.51855944375,0
4200,4.67735141287,5.01187233627,4.84172367584,0
4200,5.01187233627,5.3703179637,5.18800038929,0
4200,5.3703179637,5.75439937337,5.5590425727,0
4200,5.75439937337,6.16595001861,5.95662143529,0
4200,6.16595001861,6.60693448008,6.38263486191,0
4200,6.60693448008,7.07945784384,6.83911647281,0
4200,7.07945784384,7.58577575029,7.32824533139,0
4200,7.58577575029,8.12830516164,7.8523563461,0
4200,8.12830516164,8.70963589956,8.41395141645,0
4200,8.70963589956,9.33254300797,9.01571137606,0
4200,9.33254300797,10,9.6605087899,0
4400,0.01,0.0107151930524,0.0103514216668,1.29477226963e-05
4400,0.0107151930524,0.011481536215,0.0110917481526,2.197003135e-05
4400,0.011481536215,0.0123026877081,0.0118850222744,1.69990113031e-05
4400,0.0123026877081,0.0131825673856,0.0127350308102,2.51052464196e-05
4400,0.0131825673856,0.0141253754462,0.0136458313659,1.56637694722e-05
4400,0.0141253754462,0.0151356124844,0.0146217717446,3.15235809075e-05
4400,0.0151356124844,0.0162181009736,0.0156675107011,7.88573072711e-05
4400,0.0162181009736,0.0173780082875,0.0167880401812,8.55857144867e-05
4400,0.0173780082875,0.0186208713666,0.0179887091513,5.94749272257e-05
4400,0.0186208713666,0.0199526231497,0.0192752491319,0.000109437210882
4400,0.0199526231497,0.021379620895,0.0206538015581,0.000128622024329
4400,0.021379620895,0.0229086765277,0.0221309470961,0.000193158584765
4400,0.0229086765277,0.0245470891569,0.0237137370566,0.00026642652334
4400,0.0245470891569,0.026302679919,0.0254097270555,0.000370916194209
4400,0.026302679919,0.0281838293126,0.0272270130808,0.000783117625973
4400,0.0281838293126,0.030199517204,0.02917427014,0.001403085707
4400,0.030199517204,0.032359365693,0.0312607936712,0.00212711691078
4400,0.032359365693,0.0346736850453,0.0334965439158,0.00520140588426
4400,0.0346736850453,0.0371535229097,0.0358921934645,0.00727831683655
4400,0.0371535229097,0.0398107170553,0.0384591782045,0.011836122371
4400,0.0398107170553,0.0426579518802,0.0412097519097,0.0179054200735
4400,0.0426579518802,0.0457088189615,0.0441570447353,0.0225925401516
4400,0.0457088189615,0.0489778819368,0.0473151258961,0.0281222168519
4400,0.0489778819368,0.052480746025,0.0506990708275,0.0349784153126
4400,0.052480746025,0.056234132519,0.0543250331492,0.0419417976076
4400,0.056234132519,0.0602559586074,0.0582103217771,0.0466170731521
4400,0.0602559586074,0.0645654229035,0.0623734835482,0.0567407503699
4400,0.0645654229035,0.0691830970919,0.0668343917569,0.0592823732815
4400,0.0691830970919,0.0741310241301,0.0716143410213,0.0650827160243
4400,0.0741310241301,0.0794328234724,0.0767361489362,0.0729326557943
4400,0.0794328234724,0.0851138038202,0.0822242649947,0.0767560883898
4400,0.0851138038202,0.0912010839356,0.0881048873008,0.083026731148
4400,0.0912010839356,0.0977237220956,0.0944060876286,0.086563137733
4400,0.0977237220956,0.104712854805,0.101157945426,0.088759933227
4400,0.104712854805,0.11220184543,0.108392691402,0.089718139551
4400,0.11220184543,0.120226443462,0.116144861384,0.09840311784
4400,0.120226443462,0.128824955169,0.124451461177,0.10374493098
4400,0.128824955169,0.13803842646,0.133352143216,0.106529519456
4400,0.13803842646,0.147910838817,0.142889395851,0.108334030995
4400,0.147910838817,0.158489319246,0.153108746168,0.106310689036
4400,0.158489319246,0.169824365246,0.16405897732,0.101572805259
4400,0.169824365246,0.181970085861,0.175792361396,0.102178274103
4400,0.181970085861,0.194984459976,0.188364908949,0.10655887434
4400,0.194984459976,0.208929613085,0.201836636368,0.124806545819
4400,0.208929613085,0.223872113857,0.216271852373,0.148671887088
4400,0.223872113857,0.239883291902,0.231739464997,0.135971719353
4400,0.239883291902,0.257039578277,0.24831331053,0.129610257272
4400,0.257039578277,0.275422870334,0.26607250598,0.118529388383
4400,0.275422870334,0.295120922667,0.28510182675,0.105109202827
4400,0.295120922667,0.316227766017,0.305492111322,0.0989371836819
4400,0.316227766017,0.338844156139,0.327340694879,0.0954728978804
4400,0.338844156139,0.36307805477,0.350751873953,0.0917621956617
4400,0.36307805477,0.389045144994,0.375837404288,0.0871976474899
4400,0.389045144994,0.41686938347,0.402717034325,0.084363993849
4400,0.41686938347,0.446683592151,0.431519076828,0.0794625684476
4400,0.446683592151,0.478630092323,0.462381021399,0.0831425120974
4400,0.478630092323,0.512861383991,0.495450190805,0.0806387777246
4400,0.512861383991,0.549540873858,0.530884444231,0.081295183366
4400,0.549540873858,0.588843655356,0.568852930844,0.0828031555507
4400,0.588843655356,0.63095734448,0.60953689724,0.0816345528828
4400,0.63095734448,0.676082975392,0.653130552647,0.0886266782756
4400,0.676082975392,0.724435960075,0.699841996002,0.0945415475899
4400,0.724435960075,0.776247116629,0.749894209332,0.0942962877162
4400,0.776247116629,0.831763771103,0.803526122186,0.102287231659
4400,0.831763771103,0.891250938134,0.860993752185,0.108377553888
4400,0.891250938134,0.954992586021,0.922571427155,0.113603869943
4400,0.954992586021,1.02329299228,0.988553094657,2.78543261354
4400,1.02329299228,1.09647819614,1.05925372518,0
4400,1.09647819614,1.17489755494,1.13501081567,0
4400,1.17489755494,1.25892541179,1.21618600065,0
4400,1.25892541179,1.34896288259,1.30316677845,0
4400,1.34896288259,1.44543977075,1.39636836106,0
4400,1.44543977075,1.54881661891,1.49623565609,0
4400,1.54881661891,1.65958690744,1.60324539069,0
4400,1.65958690744,1.77827941004,1.71790838716,0
4400,1.77827941004,1.90546071796,1.84077200147,0
4400,1.90546071796,2.04173794467,1.97242273611,0
4400,2.04173794467,2.18776162395,2.11348903984,0
4400,2.18776162395,2.34422881532,2.26464430759,0
4400,2.34422881532,2.51188643151,2.42661009508,0
4400,2.51188643151,2.69153480393,2.60015956317,0
4400,2.69153480393,2.88403150313,2.78612116863,0
4400,2.88403150313,3.09029543251,2.98538261892,0
4400,3.09029543251,3.31131121483,3.19889510969,0
4400,3.31131121483,3.54813389234,3.42767786546,0
4400,3.54813389234,3.80189396321,3.67282300498,0
4400,3.80189396321,4.07380277804,3.93550075456,0
4400,4.07380277804,4.3651583224,4.21696503429,0
4400,4.3651583224,4.67735141287,4.51855944375,0
4400,4.67735141287,5.01187233627,4.84172367584,0
4400,5.01187233627,5.3703179637,5.18800038929,0
4400,5.3703179637,5.75439937337,5.5590425727,0
4400,5.75439937337,6.16595001861,5.95662143529,0
4400,6.16595001861,6.60693448008,6.38263486191,0
4400,6.60693448008,7.07945784384,6.83911647281,0
4400,7.07945784384,7.58577575029,7.32824533139,0
4400,7.58577575029,8.12830516164,7.8523563461,0
4400,8.12830516164,8.70963589956,8.41395141645,0
4400,8.70963589956,9.33254300797,9.01571137606,0
4400,9.33254300797,10,9.6605087899,0
4600,0.01,0.0107151930524,0.0103514216668,1.93424135747e-05
4600,0.0107151930524,0.011481536215,0.0110917481526,0
4600,0.011481536215,0.0123026877081,0.0118850222744,0
4600,0.0123026877081,0.0131825673856,0.0127350308102,0
4600,0.0131825673856,0.0141253754462,0.0136458313659,2.38135049942e-06
4600,0.0141253754462,0.0151356124844,0.0146217717446,2.42394157779e-06
4600,0.0151356124844,0.0162181009736,0.0156675107011,3.65900992156e-06
4600,0.0162181009736,0.0173780082875,0.0167880401812,0
4600,0.0173780082875,0.0186208713666,0.0179887091513,0
4600,0.0186208713666,0.0199526231497,0.0192752491319,2.35893822657e-06
4600,0.0199526231497,0.021379620895,0.0206538015581,6.85759310189e-06
4600,0.021379620895,0.0229086765277,0.0221309470961,5.05555549452e-05
4600,0.0229086765277,0.0245470891569,0.0237137370566,2.82888613091e-05
4600,0.0245470891569,0.026302679919,0.0254097270555,5.81895677379e-05
4600,0.026302679919,0.0281838293126,0.0272270130808,0.000123632719979
4600,0.0281838293126,0.030199517204,0.02917427014,0.000348462533655
4600,0.030199517204,0.032359365693,0.0312607936712,0.000334420164053
4600,0.032359365693,0.0346736850453,0.0334965439158,0.00112523132192
4600,0.0346736850453,0.0371535229097,0.0358921934645,0.00215852281198
4600,0.0371535229097,0.0398107170553,0.0384591782045,0.00250189549909
4600,0.0398107170553,0.0426579518802,0.0412097519097,0.00562000475049
4600,0.0426579518802,0.0457088189615,0.0441570447353,0.00858324263415
4600,0.0457088189615,0.0489778819368,0.0473151258961,0.0108693338311
4600,0.0489778819368,0.052480746025,0.0506990708275,0.0144921974193
4600,0.052480746025,0.056234132519,0.0543250331492,0.0169043035526
4600,0.056234132519,0.0602559586074,0.0582103217771,0.0208132693292
4600,0.0602559586074,0.0645654229035,0.0623734835482,0.0233333863814
4600,0.0645654229035,0.0691830970919,0.0668343917569,0.0267149770832
4600,0.0691830970919,0.0741310241301,0.0716143410213,0.0270614338349
4600,0.0741310241301,0.0794328234724,0.0767361489362,0.0278760974401
4600,0.0794328234724,0.0851138038202,0.0822242649947,0.032760919702
4600,0.0851138038202,0.0912010839356,0.0881048873008,0.0313247496762
4600,0.0912010839356,0.0977237220956,0.0944060876286,0.0332213466174
4600,0.0977237220956,0.104712854805,0.101157945426,0.0360144740449
4600,0.104712854805,0.11220184543,0.108392691402,0.0379439665528
4600,0.11220184543,0.120226443462,0.116144861384,0.0385367027396
4600,0.120226443462,0.128824955169,0.124451461177,0.0407472706291
4600,0.128824955169,0.13803842646,0.133352143216,0.0341602995654
4600,0.13803842646,0.147910838817,0.142889395851,0.0382525633048
4600,0.147910838817,0.158489319246,0.153108746168,0.0334140115992
4600,0.158489319246,0.169824365246,0.16405897732,0.0364941791207
4600,0.169824365246,0.181970085861,0.175792361396,0.035119918315
4600,0.181970085861,0.194984459976,0.188364908949,0.0327121887238
4600,0.194984459976,0.208929613085,0.201836636368,0.0391973578121
4600,0.208929613085,0.223872113857,0.216271852373,0.0436509144663
4600,0.223872113857,0.239883291902,0.231739464997,0.0411449289552
4600,0.239883291902,0.257039578277,0.24831331053,0.037530676466
4600,0.257039578277,0.275422870334,0.26607250598,0.0394553446254
4600,0.275422870334,0.295120922667,0.28510182675,0.0364975959676
4600,0.295120922667,0.316227766017,0.305492111322,0.0362408130955
4600,0.316227766017,0.338844156139,0.327340694879,0.0322273255453
4600,0.338844156139,0.36307805477,0.350751873953,0.0391594862527
4600,0.36307805477,0.389045144994,0.375837404288,0.0310028448352
4600,0.389045144994,0.41686938347,0.402717034325,0.033077589391
4600,0.41686938347,0.446683592151,0.431519076828,0.0309112430177
4600,0.446683592151,0.478630092323,0.462381021399,0.0301117170861
4600,0.478630092323,0.512861383991,0.495450190805,0.0297541355664
4600,0.512861383991,0.549540873858,0.530884444231,0.0280490793757
4600,0.549540873858,0.588843655356,0.568852930844,0.0330957682187
4600,0.588843655356,0.63095734448,0.60953689724,0.032152580867
4600,0.63095734448,0.676082975392,0.653130552647,0.0324111400573
4600,0.676082975392,0.724435960075,0.699841996002,0.0388573434555
4600,0.724435960075,0.776247116629,0.749894209332,0.0322133790097
4600,0.776247116629,0.831763771103,0.803526122186,0.0357555857967
4600,0.831763771103,0.891250938134,0.860993752185,0.0326401424648
4600,0.891250938134,0.954992586021,0.922571427155,0.0395747926214
4600,0.954992586021,1.02329299228,0.988553094657,0.453146996543
4600,1.02329299228,1.09647819614,1.05925372518,0
4600,1.09647819614,1.17489755494,1.13501081567,0
4600,1.17489755494,1.25892541179,1.21618600065,0
4600,1.25892541179,1.34896288259,1.30316677845,0
4600,1.34896288259,1.44543977075,1.39636836106,0
4600,1.44543977075,1.54881661891,1.49623565609,0
4600,1.54881661891,1.65958690744,1.60324539069,0
4600,1.65958690744,1.77827941004,1.71790838716,0
4600,1.77827941004,1.90546071796,1.84077200147,0
4600,1.90546071796,2.04173794467,1.97242273611,0
4600,2.04173794467,2.18776162395,2.11348903984,0
4600,2.18776162395,2.34422881532,2.26464430759,0
4600,2.34422881532,2.51188643151,2.42661009508,0
4600,2.51188643151,2.69153480393,2.60015956317,0
4600,2.69153480393,2.88403150313,2.78612116863,0
4600,2.88403150313,3.09029543251,2.98538261892,0
4600,3.09029543251,3.31131121483,3.19889510969,0
4600,3.31131121483,3.54813389234,3.42767786546,0
4600,3.54813389234,3.80189396321,3.67282300498,0
4600,3.80189396321,4.07380277804,3.93550075456,0
4600,4.07380277804,4.3651583224,4.21696503429,0
4600,4.3651583224,4.67735141287,4.51855944375,0
4600,4.67735141287,5.01187233627,4.84172367584,0
4600,5.01187233627,5.3703179637,5.18800038929,0
4600,5.3703179637,5.75439937337,5.5590425727,0
4600,5.75439937337,6.16595001861,5.95662143529,0
4600,6.16595001861,6.60693448008,6.38263486191,0
4600,6.60693448008,7.07945784384,6.83911647281,0
4600,7.07945784384,7.58577575029,7.32824533139,0
4600,7.58577575029,8.12830516164,7.8523563461,0
4600,8.12830516164,8.70963589956,8.41395141645,0
4600,8.70963589956,9.33254300797,9.01571137606,0
4600,9.33254300797,10,9.6605087899,0
4800,0.01,0.0107151930524,0.0103514216668,0
4800,0.0107151930524,0.011481536215,0.0110917481526,0
4800,0.011481536215,0.0123026877081,0.0118850222744,0
4800,0.0123026877081,0.0131825673856,0.0127350308102,0
4800,0.0131825673856,0.0141253754462,0.0136458313659,0
4800,0.0141253754462,0.0151356124844,0.0146217717446,0
4800,0.0151356124844,0.0162181009736,0.0156675107011,0
4800,0.0162181009736,0.0173780082875,0.0167880401812,0
4800,0.0173780082875,0.0186208713666,0.0179887091513,0
4800,0.0186208713666,0.0199526231497,0.0192752491319,0
4800,0.0199526231497,0.021379620895,0.0206538015581,0
4800,0.021379620895,0.0229086765277,0.0221309470961,0
4800,0.0229086765277,0.0245470891569,0.0237137370566,0
4800,0.0245470891569,0.026302679919,0.0254097270555,0
4800,0.026302679919,0.0281838293126,0.0272270130808,0
4800,0.0281838293126,0.030199517204,0.02917427014,0
4800,0.030199517204,0.032359365693,0.0312607936712,0.000647286946103
4800,0.032359365693,0.0346736850453,0.0334965439158,0.000664593641033
4800,0.0346736850453,0.0371535229097,0.0358921934645,0.00126313319244
4800,0.0371535229097,0.0398107170553,0.0384591782045,0.000623046169938
4800,0.0398107170553,0.0426579518802,0.0412097519097,0.00306039909261
4800,0.0426579518802,0.0457088189615,0.0441570447353,0.00423272944564
4800,0.0457088189615,0.0489778819368,0.0473151258961,0.00455560460332
4800,0.0489778819368,0.052480746025,0.0506990708275,0.00666745770709
4800,0.052480746025,0.056234132519,0.0543250331492,0.00781630522542
4800,0.056234132519,0.0602559586074,0.0582103217771,0.00825535525071
4800,0.0602559586074,0.0645654229035,0.0623734835482,0.0103632924969
4800,0.0645654229035,0.0691830970919,0.0668343917569,0.0154163373949
4800,0.0691830970919,0.0741310241301,0.0716143410213,0.0112270392081
4800,0.0741310241301,0.0794328234724,0.0767361489362,0.0131762830333
4800,0.0794328234724,0.0851138038202,0.0822242649947,0.0152271947074
4800,0.0851138038202,0.0912010839356,0.0881048873008,0.0170073889306
4800,0.0912010839356,0.0977237220956,0.0944060876286,0.0173904785908
4800,0.0977237220956,0.104712854805,0.101157945426,0.0159745939308
4800,0.104712854805,0.11220184543,0.108392691402,0.0189486357929
4800,0.11220184543,0.120226443462,0.116144861384,0.0177910413875
4800,0.120226443462,0.128824955169,0.124451461177,0.0207083701702
4800,0.128824955169,0.13803842646,0.133352143216,0.0208570007784
4800,0.13803842646,0.147910838817,0.142889395851,0.0204543629364
4800,0.147910838817,0.158489319246,0.153108746168,0.0190238894465
4800,0.158489319246,0.169824365246,0.16405897732,0.0152217100711
4800,0.169824365246,0.181970085861,0.175792361396,0.0174749072348
4800,0.181970085861,0.194984459976,0.188364908949,0.0134750263897
4800,0.194984459976,0.208929613085,0.201836636368,0.0214664119138
4800,0.208929613085,0.223872113857,0.216271852373,0.0201332547841
4800,0.223872113857,0.239883291902,0.231739464997,0.016865623918
4800,0.239883291902,0.257039578277,0.24831331053,0.017654055065
4800,0.257039578277,0.275422870334,0.26607250598,0.0137903099239
4800,0.275422870334,0.295120922667,0.28510182675,0.0191130797781
4800,0.295120922667,0.316227766017,0.305492111322,0.014954800653
4800,0.316227766017,0.338844156139,0.327340694879,0.0159464881031
4800,0.338844156139,0.36307805477,0.350751873953,0.0162085489816
4800,0.36307805477,0.389045144994,0.375837404288,0.014208966238
4800,0.389045144994,0.41686938347,0.402717034325,0.0129590653468
4800,0.41686938347,0.446683592151,0.431519076828,0.0116584246355
4800,0.446683592151,0.478630092323,0.462381021399,0.017428669686
4800,0.478630092323,0.512861383991,0.495450190805,0.0126315820679
4800,0.512861383991,0.549540873858,0.530884444231,0.0145196657507
4800,0.549540873858,0.588843655356,0.568852930844,0.0148793312543
4800,0.588843655356,0.63095734448,0.60953689724,0.0144787064426
4800,0.63095734448,0.676082975392,0.653130552647,0.014236863639
4800,0.676082975392,0.724435960075,0.699841996002,0.0149453837387
4800,0.724435960075,0.776247116629,0.749894209332,0.0164114354902
4800,0.776247116629,0.831763771103,0.803526122186,0.0144400423204
4800,0.831763771103,0.891250938134,0.860993752185,0.0197929859066
4800,0.891250938134,0.954992586021,0.922571427155,0.017541602283
4800,0.954992586021,1.02329299228,0.988553094657,0.164343860317
4800,1.02329299228,1.09647819614,1.05925372518,0
4800,1.09647819614,1.17489755494,1.13501081567,0
4800,1.17489755494,1.25892541179,1.21618600065,0
4800,1.25892541179,1.34896288259,1.30316677845,0
4800,1.34896288259,1.44543977075,1.39636836106,0
4800,1.44543977075,1.54881661891,1.49623565609,0
4800,1.54881661891,1.65958690744,1.60324539069,0
4800,1.65958690744,1.77827941004,1.71790838716,0
4800,1.77827941004,1.90546071796,1.84077200147,0
4800,1.90546071796,2.04173794467,1.97242273611,0
4800,2.04173794467,2.18776162395,2.11348903984,0
4800,2.18776162395,2.34422881532,2.26464430759,0
4800,2.34422881532,2.51188643151,2.42661009508,0
4800,2.51188643151,2.69153480393,2.60015956317,0
4800,2.69153480393,2.88403150313,2.78612116863,0
4800,2.88403150313,3.09029543251,2.98538261892,0
4800,3.09029543251,3.31131121483,3.19889510969,0
4800,3.31131121483,3.54813389234,3.42767786546,0
4800,3.54813389234,3.80189396321,3.67282300498,0
4800,3.80189396321,4.07380277804,3.93550075456,0
4800,4.07380277804,4.3651583224,4.21696503429,0
4800,4.3651583224,4.67735141287,4.51855944375,0
4800,4.67735141287,5.01187233627,4.84172367584,0
4800,5.01187233627,5.3703179637,5.18800038929,0
4800,5.3703179637,5.75439937337,5.5590425727,0
4800,5.75439937337,6.16595001861,5.95662143529,0
4800,6.16595001861,6.60693448008,6.38263486191,0
4800,6.60693448008,7.07945784384,6.83911647281,0
4800,7.07945784384,7.58577575029,7.32824533139,0
4800,7.58577575029,8.12830516164,7.8523563461,0
4800,8.12830516164,8.70963589956,8.41395141645,0
4800,8.70963589956,9.33254300797,9.01571137606,0
4800,9.33254300797,10,9.6605087899,0
5000,0.01,0.0107151930524,0.0103514216668,8.79843825711e-06
5000,0.0107151930524,0.011481536215,0.0110917481526,4.46846973038e-05
5000,0.011481536215,0.0123026877081,0.0118850222744,5.99913769086e-06
5000,0.0123026877081,0.0131825673856,0.0127350308102,4.18202904657e-05
5000,0.0131825673856,0.0141253754462,0.0136458313659,4.37594849882e-05
5000,0.0141253754462,0.0151356124844,0.0146217717446,0.000141350763619
5000,0.0151356124844,0.0162181009736,0.0156675107011,4.12403238768e-05
5000,0.0162181009736,0.0173780082875,0.0167880401812,4.40112553623e-05
5000,0.0173780082875,0.0186208713666,0.0179887091513,0.000123752230459
5000,0.0186208713666,0.0199526231497,0.0192752491319,8.39160478266e-05
5000,0.0199526231497,0.021379620895,0.0206538015581,0.000157803818188
5000,0.021379620895,0.0229086765277,0.0221309470961,0.000178569705282
5000,0.0229086765277,0.0245470891569,0.0237137370566,0.00031511328132
5000,0.0245470891569,0.026302679919,0.0254097270555,0.0004829904432
5000,0.026302679919,0.0281838293126,0.0272270130808,0.00100890904303
5000,0.0281838293126,0.030199517204,0.02917427014,0.00162719713689
5000,0.030199517204,0.032359365693,0.0312607936712,0.00372371771937
5000,0.032359365693,0.0346736850453,0.0334965439158,0.0055940026039
5000,0.0346736850453,0.0371535229097,0.0358921934645,0.0115273347253
5000,0.0371535229097,0.0398107170553,0.0384591782045,0.0169303310265
5000,0.0398107170553,0.0426579518802,0.0412097519097,0.0242155487766
5000,0.0426579518802,0.0457088189615,0.0441570447353,0.0320350709298
5000,0.0457088189615,0.0489778819368,0.0473151258961,0.0414948151433
5000,0.0489778819368,0.052480746025,0.0506990708275,0.0490178777944
5000,0.052480746025,0.056234132519,0.0543250331492,0.0601835267536
5000,0.056234132519,0.0602559586074,0.0582103217771,0.0678184672458
5000,0.0602559586074,0.0645654229035,0.0623734835482,0.0742912738168
5000,0.0645654229035,0.0691830970919,0.0668343917569,0.082719468427
5000,0.0691830970919,0.0741310241301,0.0716143410213,0.0938649870952
5000,0.0741310241301,0.0794328234724,0.0767361489362,0.103244594941
5000,0.0794328234724,0.0851138038202,0.0822242649947,0.105331345733
5000,0.0851138038202,0.0912010839356,0.0881048873008,0.114152282121
5000,0.0912010839356,0.0977237220956,0.0944060876286,0.119182158444
5000,0.0977237220956,0.104712854805,0.101157945426,0.119238008638
5000,0.104712854805,0.11220184543,0.108392691402,0.120719242373
5000,0.11220184543,0.120226443462,0.116144861384,0.128662536135
5000,0.120226443462,0.128824955169,0.124451461177,0.132963390595
5000,0.128824955169,0.13803842646,0.133352143216,0.136576746352
5000,0.13803842646,0.147910838817,0.142889395851,0.133444700123
5000,0.147910838817,0.158489319246,0.153108746168,0.131259478563
5000,0.158489319246,0.169824365246,0.16405897732,0.133732268862
5000,0.169824365246,0.181970085861,0.175792361396,0.131014659864
5000,0.181970085861,0.194984459976,0.188364908949,0.131447329272
5000,0.194984459976,0.208929613085,0.201836636368,0.157321115576
5000,0.208929613085,0.223872113857,0.216271852373,0.173197174505
5000,0.223872113857,0.239883291902,0.231739464997,0.168960847488
5000,0.239883291902,0.257039578277,0.24831331053,0.152650455934
5000,0.257039578277,0.275422870334,0.26607250598,0.141092511331
5000,0.275422870334,0.295120922667,0.28510182675,0.12249246473
5000,0.295120922667,0.316227766017,0.305492111322,0.109743384166
5000,0.316227766017,0.338844156139,0.327340694879,0.10684216814
5000,0.338844156139,0.36307805477,0.350751873953,0.104770610403
5000,0.36307805477,0.389045144994,0.375837404288,0.100728675848
5000,0.389045144994,0.41686938347,0.402717034325,0.0892824702119
5000,0.41686938347,0.446683592151,0.431519076828,0.0944752614364
5000,0.446683592151,0.478630092323,0.462381021399,0.0915248162656
5000,0.478630092323,0.512861383991,0.495450190805,0.0924101032746
5000,0.512861383991,0.549540873858,0.530884444231,0.0898798254109
5000,0.549540873858,0.588843655356,0.568852930844,0.0953943199892
5000,0.588843655356,0.63095734448,0.60953689724,0.0925851916992
5000,0.63095734448,0.676082975392,0.653130552647,0.100191402094
5000,0.676082975392,0.724435960075,0.699841996002,0.0972011373716
5000,0.724435960075,0.776247116629,0.749894209332,0.0997506282311
5000,0.776247116629,0.831763771103,0.803526122186,0.119247308636
5000,0.831763771103,0.891250938134,0.860993752185,0.115438163495
5000,0.891250938134,0.954992586021,0.922571427155,0.135084729348
5000,0.954992586021,1.02329299228,0.988553094657,2.66882172749
5000,1.02329299228,1.09647819614,1.05925372518,0
5000,1.09647819614,1.17489755494,1.13501081567,0
5000,1.17489755494,1.25892541179,1.21618600065,0
5000,1.25892541179,1.34896288259,1.30316677845,0
5000,1.34896288259,1.44543977075,1.39636836106,0
5000,1.44543977075,1.54881661891,1.49623565609,0
5000,1.54881661891,1.65958690744,1.60324539069,0
5000,1.65958690744,1.77827941004,1.71790838716,0
5000,1.77827941004,1.90546071796,1.84077200147,0
5000,1.90546071796,2.04173794467,1.97242273611,0
5000,2.04173794467,2.18776162395,2.11348903984,0
5000,2.18776162395,2.34422881532,2.26464430759,0
5000,2.34422881532,2.51188643151,2.42661009508,0
5000,2.51188643151,2.69153480393,2.60015956317,0
5000,2.69153480393,2.88403150313,2.78612116863,0
5000,2.88403150313,3.09029543251,2.98538261892,0
5000,3.09029543251,3.31131121483,3.19889510969,0
5000,3.31131121483,3.54813389234,3.42767786546,0
5000,3.54813389234,3.80189396321,3.67282300498,0
5000,3.80189396321,4.07380277804,3.93550075456,0
5000,4.07380277804,4.3651583224,4.21696503429,0
5000,4.3651583224,4.67735141287,4.51855944375,0
5000,4.67735141287,5.01187233627,4.84172367584,0
5000,5.01187233627,5.3703179637,5.18800038929,0
5000,5.3703179637,5.75439937337,5.5590425727,0
5000,5.75439937337,6.16595001861,5.95662143529,0
5000,6.16595001861,6.60693448008,6.38263486191,0
5000,6.60693448008,7.07945784384,6.83911647281,0
5000,7.07945784384,7.58577575029,7.32824533139,0
5000,7.58577575029,8.12830516164,7.8523563461,0
5000,8.12830516164,8.70963589956,8.41395141645,0
5000,8.70963589956,9.33254300797,9.01571137606,0
5000,9.33254300797,10,9.6605087899,0
5200,0.01,0.0107151930524,0.0103514216668,5.85408347152e-06
5200,0.0107151930524,0.011481536215,0.0110917481526,1.87192896816e-05
5200,0.011481536215,0.0123026877081,0.0118850222744,2.37869444717e-05
5200,0.0123026877081,0.0131825673856,0.0127350308102,5.08800068273e-05
5200,0.0131825673856,0.0141253754462,0.0136458313659,3.10128638018e-06
5200,0.0141253754462,0.0151356124844,0.0146217717446,9.50316380253e-06
5200,0.0151356124844,0.0162181009736,0.0156675107011,1.10855144514e-05
5200,0.0162181009736,0.0173780082875,0.0167880401812,4.48342362938e-05
5200,0.0173780082875,0.0186208713666,0.0179887091513,3.16130578591e-05
5200,0.0186208713666,0.0199526231497,0.0192752491319,2.87043543924e-05
5200,0.0199526231497,0.021379620895,0.0206538015581,5.79618592065e-05
5200,0.021379620895,0.0229086765277,0.0221309470961,0.00027997356311
5200,0.0229086765277,0.0245470891569,0.0237137370566,0.000112921756267
5200,0.0245470891569,0.026302679919,0.0254097270555,0.000272527113967
5200,0.026302679919,0.0281838293126,0.0272270130808,0.000169274313309
5200,0.0281838293126,0.030199517204,0.02917427014,0.00103985814476
5200,0.030199517204,0.032359365693,0.0312607936712,0.00284934208263
5200,0.032359365693,0.0346736850453,0.0334965439158,0.00646174045127
5200,0.0346736850453,0.0371535229097,0.0358921934645,0.00879629656926
5200,0.0371535229097,0.0398107170553,0.0384591782045,0.0151260242153
5200,0.0398107170553,0.0426579518802,0.0412097519097,0.023735642771
5200,0.0426579518802,0.0457088189615,0.0441570447353,0.0337758701429
5200,0.0457088189615,0.0489778819368,0.0473151258961,0.0417918729854
5200,0.0489778819368,0.052480746025,0.0506990708275,0.0462312492108
5200,0.052480746025,0.056234132519,0.0543250331492,0.0612435989528
5200,0.056234132519,0.0602559586074,0.0582103217771,0.0636917876588
5200,0.0602559586074,0.0645654229035,0.0623734835482,0.075491524494
5200,0.0645654229035,0.0691830970919,0.0668343917569,0.0757688339068
5200,0.0691830970919,0.0741310241301,0.0716143410213,0.0849334915973
5200,0.0741310241301,0.0794328234724,0.0767361489362,0.0935027999513
5200,0.0794328234724,0.0851138038202,0.0822242649947,0.0926974738627
5200,0.0851138038202,0.0912010839356,0.0881048873008,0.100156600537
5200,0.0912010839356,0.0977237220956,0.0944060876286,0.0926033772477
5200,0.0977237220956,0.104712854805,0.101157945426,0.0993954245152
5200,0.104712854805,0.11220184543,0.108392691402,0.103015481065
5200,0.11220184543,0.120226443462,0.116144861384,0.10654974134
5200,0.120226443462,0.128824955169,0.124451461177,0.105836795183
5200,0.128824955169,0.13803842646,0.133352143216,0.105423165563
5200,0.13803842646,0.147910838817,0.142889395851,0.102101169843
5200,0.147910838817,0.158489319246,0.153108746168,0.0974285198293
5200,0.158489319246,0.169824365246,0.16405897732,0.100228083088
5200,0.169824365246,0.181970085861,0.175792361396,0.0948483408872
5200,0.181970085861,0.194984459976,0.188364908949,0.104463329809
5200,0.194984459976,0.208929613085,0.201836636368,0.108921319196
5200,0.208929613085,0.223872113857,0.216271852373,0.110776984069
5200,0.223872113857,0.239883291902,0.231739464997,0.108878893194
5200,0.239883291902,0.257039578277,0.24831331053,0.107959834827
5200,0.257039578277,0.275422870334,0.26607250598,0.0953024796883
5200,0.275422870334,0.295120922667,0.28510182675,0.0854877733901
5200,0.295120922667,0.316227766017,0.305492111322,0.0805889563013
5200,0.316227766017,0.338844156139,0.327340694879,0.0774869529678
5200,0.338844156139,0.36307805477,0.350751873953,0.0734041248284
5200,0.36307805477,0.389045144994,0.375837404288,0.0709904840294
5200,0.389045144994,0.41686938347,0.402717034325,0.0688237771358
5200,0.41686938347,0.446683592151,0.431519076828,0.0704888026236
5200,0.446683592151,0.478630092323,0.462381021399,0.0697702313823
5200,0.478630092323,0.512861383991,0.495450190805,0.0632536962686
5200,0.512861383991,0.549540873858,0.530884444231,0.0677927783081
5200,0.549540873858,0.588843655356,0.568852930844,0.0662487856576
5200,0.588843655356,0.63095734448,0.60953689724,0.0690880348052
5200,0.63095734448,0.676082975392,0.653130552647,0.0735872035996
5200,0.676082975392,0.724435960075,0.699841996002,0.07392285121
5200,0.724435960075,0.776247116629,0.749894209332,0.0703706087337
5200,0.776247116629,0.831763771103,0.803526122186,0.0824787771927
5200,0.831763771103,0.891250938134,0.860993752185,0.0825740003648
5200,0.891250938134,0.954992586021,0.922571427155,0.087563123538
5200,0.954992586021,1.02329299228,0.988553094657,1.23447782925
5200,1.02329299228,1.09647819614,1.05925372518,0
5200,1.09647819614,1.17489755494,1.13501081567,0
5200,1.17489755494,1.25892541179,1.21618600065,0
5200,1.25892541179,1.34896288259,1.30316677845,0
5200,1.34896288259,1.44543977075,1.39636836106,0
5200,1.44543977075,1.54881661891,1.49623565609,0
5200,1.54881661891,1.65958690744,1.60324539069,0
5200,1.65958690744,1.77827941004,1.71790838716,0
5200,1.77827941004,1.90546071796,1.84077200147,0
5200,1.90546071796,2.04173794467,1.97242273611,0
5200,2.04173794467,2.18776162395,2.11348903984,0
5200,2.18776162395,2.34422881532,2.26464430759,0
5200,2.34422881532,2.51188643151,2.42661009508,0
5200,2.51188643151,2.69153480393,2.60015956317,0
5200,2.69153480393,2.88403150313,2.78612116863,0
5200,2.88403150313,3.09029543251,2.98538261892,0
5200,3.09029543251,3.31131121483,3.19889510969,0
5200,3.31131121483,3.54813389234,3.42767786546,0
5200,3.54813389234,3.80189396321,3.67282300498,0
5200,3.80189396321,4.07380277804,3.93550075456,0
5200,4.07380277804,4.3651583224,4.21696503429,0
5200,4.3651583224,4.67735141287,4.51855944375,0
5200,4.67735141287,5.01187233627,4.84172367584,0
5200,5.01187233627,5.3703179637,5.18800038929,0
5200,5.3703179637,5.75439937337,5.5590425727,0
5200,5.75439937337,6.16595001861,5.95662143529,0
5200,6.16595001861,6.60693448008,6.38263486191,0
5200,6.60693448008,7.07945784384,6.83911647281,0
5200,7.07945784384,7.58577575029,7.32824533139,0
5200,7.58577575029,8.12830516164,7.8523563461,0
5200,8.12830516164,8.70963589956,8.41395141645,0
5200,8.70963589956,9.33254300797,9.01571137606,0
5200,9.33254300797,10,9.6605087899,0
5400,0.01,0.0107151930524,0.0103514216668,0
5400,0.0107151930524,0.011481536215,0.0110917481526,1.98876298937e-06
5400,0.011481536215,0.0123026877081,0.0118850222744,7.21285063016e-06
5400,0.0123026877081,0.0131825673856,0.0127350308102,0
5400,0.0131825673856,0.0141253754462,0.0136458313659,0
5400,0.0141253754462,0.0151356124844,0.0146217717446,3.1355876484e-06
5400,0.0151356124844,0.0162181009736,0.0156675107011,0
5400,0.0162181009736,0.0173780082875,0.0167880401812,7.49773660638e-06
5400,0.0173780082875,0.0186208713666,0.0179887091513,0
5400,0.0186208713666,0.0199526231497,0.0192752491319,0
5400,0.0199526231497,0.021379620895,0.0206538015581,0
5400,0.021379620895,0.0229086765277,0.0221309470961,0
5400,0.0229086765277,0.0245470891569,0.0237137370566,0
5400,0.0245470891569,0.026302679919,0.0254097270555,2.38633740208e-05
5400,0.026302679919,0.0281838293126,0.0272270130808,0.000222419031391
5400,0.0281838293126,0.030199517204,0.02917427014,0.000929700430146
5400,0.030199517204,0.032359365693,0.0312607936712,0.000841041063172
5400,0.032359365693,0.0346736850453,0.0334965439158,0.00236480075461
5400,0.0346736850453,0.0371535229097,0.0358921934645,0.00361552546757
5400,0.0371535229097,0.0398107170553,0.0384591782045,0.00592815311218
5400,0.0398107170553,0.0426579518802,0.0412097519097,0.0108422412666
5400,0.0426579518802,0.0457088189615,0.0441570447353,0.0115163749614
5400,0.0457088189615,0.0489778819368,0.0473151258961,0.014916202415
5400,0.0489778819368,0.052480746025,0.0506990708275,0.017818685742
5400,0.052480746025,0.056234132519,0.0543250331492,0.0210653236994
5400,0.056234132519,0.0602559586074,0.0582103217771,0.0198832341281
5400,0.0602559586074,0.0645654229035,0.0623734835482,0.0205813062916
5400,0.0645654229035,0.0691830970919,0.0668343917569,0.0227000163897
5400,0.0691830970919,0.0741310241301,0.0716143410213,0.0260190631073
5400,0.0741310241301,0.0794328234724,0.0767361489362,0.028939784218
5400,0.0794328234724,0.0851138038202,0.0822242649947,0.0287489806309
5400,0.0851138038202,0.0912010839356,0.0881048873008,0.0301486741577
5400,0.0912010839356,0.0977237220956,0.0944060876286,0.0305882176521
5400,0.0977237220956,0.104712854805,0.101157945426,0.0275202476399
5400,0.104712854805,0.11220184543,0.108392691402,0.0273788745208
5400,0.11220184543,0.120226443462,0.116144861384,0.0267987283764
5400,0.120226443462,0.128824955169,0.124451461177,0.0296840506572
5400,0.128824955169,0.13803842646,0.133352143216,0.0298359992721
5400,0.13803842646,0.147910838817,0.142889395851,0.0280317533288
5400,0.147910838817,0.158489319246,0.153108746168,0.0266291400482
5400,0.158489319246,0.169824365246,0.16405897732,0.0310774672645
5400,0.169824365246,0.181970085861,0.175792361396,0.0261491769438
5400,0.181970085861,0.194984459976,0.188364908949,0.0288051399937
5400,0.194984459976,0.208929613085,0.201836636368,0.0276207743289
5400,0.208929613085,0.223872113857,0.216271852373,0.0258568425294
5400,0.223872113857,0.239883291902,0.231739464997,0.0238753608035
5400,0.239883291902,0.257039578277,0.24831331053,0.0232637665221
5400,0.257039578277,0.275422870334,0.26607250598,0.0233345832177
5400,0.275422870334,0.295120922667,0.28510182675,0.0251234071169
5400,0.295120922667,0.316227766017,0.305492111322,0.022954491871
5400,0.316227766017,0.338844156139,0.327340694879,0.0211925134285
5400,0.338844156139,0.36307805477,0.350751873953,0.0224435017984
5400,0.36307805477,0.389045144994,0.375837404288,0.0215922063874
5400,0.389045144994,0.41686938347,0.402717034325,0.0222349114122
5400,0.41686938347,0.446683592151,0.431519076828,0.0197268151037
5400,0.446683592151,0.478630092323,0.462381021399,0.0209992074451
5400,0.478630092323,0.512861383991,0.495450190805,0.0200964706366
5400,0.512861383991,0.549540873858,0.530884444231,0.0219650707607
5400,0.549540873858,0.588843655356,0.568852930844,0.0198859991686
5400,0.588843655356,0.63095734448,0.60953689724,0.0218428854464
5400,0.63095734448,0.676082975392,0.653130552647,0.0205446317477
5400,0.676082975392,0.724435960075,0.699841996002,0.0227861665455
5400,0.724435960075,0.776247116629,0.749894209332,0.0222695397717
5400,0.776247116629,0.831763771103,0.803526122186,0.024352713309
5400,0.831763771103,0.891250938134,0.860993752185,0.0197899002986
5400,0.891250938134,0.954992586021,0.922571427155,0.0276777140971
5400,0.954992586021,1.02329299228,0.988553094657,0.215764695651
5400,1.02329299228,1.09647819614,1.05925372518,0
5400,1.09647819614,1.17489755494,1.13501081567,0
5400,1.17489755494,1.25892541179,1.21618600065,0
5400,1.25892541179,1.34896288259,1.30316677845,0
5400,1.34896288259,1.44543977075,1.39636836106,0
5400,1.44543977075,1.54881661891,1.49623565609,0
5400,1.54881661891,1.65958690744,1.60324539069,0
5400,1.65958690744,1.77827941004,1.71790838716,0
5400,1.77827941004,1.90546071796,1.84077200147,0
5400,1.90546071796,2.04173794467,1.97242273611,0
5400,2.04173794467,2.18776162395,2.11348903984,0
5400,2.18776162395,2.34422881532,2.26464430759,0
5400,2.34422881532,2.51188643151,2.42661009508,0
5400,2.51188643151,2.69153480393,2.60015956317,0
5400,2.69153480393,2.88403150313,2.78612116863,0
5400,2.88403150313,3.09029543251,2.98538261892,0
5400,3.09029543251,3.31131121483,3.19889510969,0
5400,3.31131121483,3.54813389234,3.42767786546,0
5400,3.54813389234,3.80189396321,3.67282300498,0
5400,3.80189396321,4.07380277804,3.93550075456,0
5400,4.07380277804,4.3651583224,4.21696503429,0
5400,4.3651583224,4.67735141287,4.51855944375,0
5400,4.67735141287,5.01187233627,4.84172367584,0
5400,5.01187233627,5.3703179637,5.18800038929,0
5400,5.3703179637,5.75439937337,5.5590425727,0
5400,5.75439937337,6.16595001861,5.95662143529,0
5400,6.16595001861,6.60693448008,6.38263486191,0
5400,6.60693448008,7.07945784384,6.83911647281,0
5400,7.07945784384,7.58577575029,7.32824533139,0
5400,7.58577575029,8.12830516164,7.8523563461,0
5400,8.12830516164,8.70963589956,8.41395141645,0
5400,8.70963589956,9.33254300797,9.01571137606,0
5400,9.33254300797,10,9.6605087899,0
5600,0.01,0.0107151930524,0.0103514216668,2.49918215961e-05
5600,0.0107151930524,0.011481536215,0.0110917481526,0.000132132712897
5600,0.011481536215,0.0123026877081,0.0118850222744,0
5600,0.0123026877081,0.0131825673856,0.0127350308102,0.000148820489822
5600,0.0131825673856,0.0141253754462,0.0136458313659,0.000121346210531
5600,0.0141253754462,0.0151356124844,0.0146217717446,6.50379695145e-05
5600,0.0151356124844,0.0162181009736,0.0156675107011,7.21109771811e-05
5600,0.0162181009736,0.0173780082875,0.0167880401812,0.000230509865787
5600,0.0173780082875,0.0186208713666,0.0179887091513,0.000165699644733
5600,0.0186208713666,0.0199526231497,0.0192752491319,0.000249105869189
5600,0.0199526231497,0.021379620895,0.0206538015581,0.000133158446549
5600,0.021379620895,0.0229086765277,0.0221309470961,0
5600,0.0229086765277,0.0245470891569,0.0237137370566,0.000236601967997
5600,0.0245470891569,0.026302679919,0.0254097270555,0.000413235113298
5600,0.026302679919,0.0281838293126,0.0272270130808,0.00170297819814
5600,0.0281838293126,0.030199517204,0.02917427014,0.000625680514302
5600,0.030199517204,0.032359365693,0.0312607936712,0.00462728540955
5600,0.032359365693,0.0346736850453,0.0334965439158,0.0039554404105
5600,0.0346736850453,0.0371535229097,0.0358921934645,0.0102484463895
5600,0.0371535229097,0.0398107170553,0.0384591782045,0.0129355461201
5600,0.0398107170553,0.0426579518802,0.0412097519097,0.0210756360403
5600,0.0426579518802,0.0457088189615,0.0441570447353,0.0234645754367
5600,0.0457088189615,0.0489778819368,0.0473151258961,0.0262628511983
5600,0.0489778819368,0.052480746025,0.0506990708275,0.0373420463413
5600,0.052480746025,0.056234132519,0.0543250331492,0.0421602647278
5600,0.056234132519,0.0602559586074,0.0582103217771,0.0423558334773
5600,0.0602559586074,0.0645654229035,0.0623734835482,0.0578399145125
5600,0.0645654229035,0.0691830970919,0.0668343917569,0.0521430954995
5600,0.0691830970919,0.0741310241301,0.0716143410213,0.0668133726668
5600,0.0741310241301,0.0794328234724,0.0767361489362,0.0731296431615
5600,0.0794328234724,0.0851138038202,0.0822242649947,0.0727182432337
5600,0.0851138038202,0.0912010839356,0.0881048873008,0.0742918537112
5600,0.0912010839356,0.0977237220956,0.0944060876286,0.0909871734756
5600,0.0977237220956,0.104712854805,0.101157945426,0.0990896701505
5600,0.104712854805,0.11220184543,0.108392691402,0.0929467139233
5600,0.11220184543,0.120226443462,0.116144861384,0.0906402952769
5600,0.120226443462,0.128824955169,0.124451461177,0.105529929278
5600,0.128824955169,0.13803842646,0.133352143216,0.104159139859
5600,0.13803842646,0.147910838817,0.142889395851,0.101007424274
5600,0.147910838817,0.158489319246,0.153108746168,0.0917742281763
5600,0.158489319246,0.169824365246,0.16405897732,0.0975341999916
5600,0.169824365246,0.181970085861,0.175792361396,0.0850755952945
5600,0.181970085861,0.194984459976,0.188364908949,0.106337469228
5600,0.194984459976,0.208929613085,0.201836636368,0.117939402346
5600,0.208929613085,0.223872113857,0.216271852373,0.132003415443
5600,0.223872113857,0.239883291902,0.231739464997,0.126922800946
5600,0.239883291902,0.257039578277,0.24831331053,0.118389496043
5600,0.257039578277,0.275422870334,0.26607250598,0.11015451295
5600,0.275422870334,0.295120922667,0.28510182675,0.0982011895586
5600,0.295120922667,0.316227766017,0.305492111322,0.0946488942937
5600,0.316227766017,0.338844156139,0.327340694879,0.0862312869431
5600,0.338844156139,0.36307805477,0.350751873953,0.0811435425164
5600,0.36307805477,0.389045144994,0.375837404288,0.0886826150205
5600,0.389045144994,0.41686938347,0.402717034325,0.0812074277811
5600,0.41686938347,0.446683592151,0.431519076828,0.0719638243573
5600,0.446683592151,0.478630092323,0.462381021399,0.0857949559235
5600,0.478630092323,0.512861383991,0.495450190805,0.0818448941762
5600,0.512861383991,0.549540873858,0.530884444231,0.0856105283994
5600,0.549540873858,0.588843655356,0.568852930844,0.0673054557092
5600,0.588843655356,0.63095734448,0.60953689724,0.0807138180946
5600,0.63095734448,0.676082975392,0.653130552647,0.094540743996
5600,0.676082975392,0.724435960075,0.699841996002,0.0899250838044
5600,0.724435960075,0.776247116629,0.749894209332,0.0857818192491
5600,0.776247116629,0.831763771103,0.803526122186,0.104146665595
5600,0.831763771103,0.891250938134,0.860993752185,0.106222961827
5600,0.891250938134,0.954992586021,0.922571427155,0.10858474035
5600,0.954992586021,1.02329299228,0.988553094657,2.27618707039
5600,1.02329299228,1.09647819614,1.05925372518,0
5600,1.09647819614,1.17489755494,1.13501081567,0
5600,1.17489755494,1.25892541179,1.21618600065,0
5600,1.25892541179,1.34896288259,1.30316677845,0
5600,1.34896288259,1.44543977075,1.39636836106,0
5600,1.44543977075,1.54881661891,1.49623565609,0
5600,1.54881661891,1.65958690744,1.60324539069,0
5600,1.65958690744,1.77827941004,1.71790838716,0
5600,1.77827941004,1.90546071796,1.84077200147,0
5600,1.90546071796,2.04173794467,1.97242273611,0
5600,2.04173794467,2.18776162395,2.11348903984,0
5600,2.18776162395,2.34422881532,2.26464430759,0
5600,2.34422881532,2.51188643151,2.42661009508,0
5600,2.51188643151,2.69153480393,2.60015956317,0
5600,2.69153480393,2.88403150313,2.78612116863,0
5600,2.88403150313,3.09029543251,2.98538261892,0
5600,3.09029543251,3.31131121483,3.19889510969,0
5600,3.31131121483,3.54813389234,3.42767786546,0
5600,3.54813389234,3.80189396321,3.67282300498,0
5600,3.80189396321,4.07380277804,3.93550075456,0
5600,4.07380277804,4.3651583224,4.21696503429,0
5600,4.3651583224,4.67735141287,4.51855944375,0
5600,4.67735141287,5.01187233627,4.84172367584,0
5600,5.01187233627,5.3703179637,5.18800038929,0
5600,5.3703179637,5.75439937337,5.5590425727,0
5600,5.75439937337,6.16595001861,5.95662143529,0
5600,6.16595001861,6.60693448008,6.38263486191,0
5600,6.60693448008,7.07945784384,6.83911647281,0
5600,7.07945784384,7.58577575029,7.32824533139,0
5600,7.58577575029,8.12830516164,7.8523563461,0
5600,8.12830516164,8.70963589956,8.41395141645,0
5600,8.70963589956,9.33254300797,9.01571137606,0
5600,9.33254300797,10,9.6605087899,0
